ai_enrichment_state,asset_name_source,attribution_note,authority_name,auto_publish,canonical_symbol_candidate,external_status_source,manual_verification_required,methodology_id,normalized_status,publication_state,retrieved_at,source_detail_extraction_state,source_detail_fields,source_row_id,source_url,symbol_alias_candidates,symbol_source
QUEUED,Bitcoin,"Status observed on Fasset's public Shariah Reports page. Detailed source fields must be fetched, verified and attributed separately.",Fasset,False,BTC,Shariah Compliant,True,FASSET_SHARIAH_REPORTS,ELIGIBLE_EXTERNAL_REFERENCE,PENDING_ADMIN_REVIEW,2026-07-24,FETCH_AND_VERIFY_FROM_SOURCE_BEFORE_PUBLICATION,"{""platform_purpose"": null, ""token_utility"": null, ""data_structure"": null, ""smart_contract_capability"": null, ""transaction_validation"": null, ""consensus_mechanism"": null, ""governance_model"": null, ""tokenomics"": null, ""verdict_protocol_use"": null, ""verdict_token_use"": null, ""verdict_riba"": null, ""verdict_other_impermissibilities"": null}",FASSET-001-bitcoin,https://www.fasset.com/shariah-reports/,"[""BTC""]",BTC
QUEUED,Ethereum,"Status observed on Fasset's public Shariah Reports page. Detailed source fields must be fetched, verified and attributed separately.",Fasset,False,ETH,Shariah Compliant,True,FASSET_SHARIAH_REPORTS,ELIGIBLE_EXTERNAL_REFERENCE,PENDING_ADMIN_REVIEW,2026-07-24,FETCH_AND_VERIFY_FROM_SOURCE_BEFORE_PUBLICATION,"{""platform_purpose"": null, ""token_utility"": null, ""data_structure"": null, ""smart_contract_capability"": null, ""transaction_validation"": null, ""consensus_mechanism"": null, ""governance_model"": null, ""tokenomics"": null, ""verdict_protocol_use"": null, ""verdict_token_use"": null, ""verdict_riba"": null, ""verdict_other_impermissibilities"": null}",FASSET-002-ethereum,https://www.fasset.com/shariah-reports/,"[""ETH""]",ETH
QUEUED,Cardano,"Status observed on Fasset's public Shariah Reports page. Detailed source fields must be fetched, verified and attributed separately.",Fasset,False,ADA,Shariah Compliant,True,FASSET_SHARIAH_REPORTS,ELIGIBLE_EXTERNAL_REFERENCE,PENDING_ADMIN_REVIEW,2026-07-24,FETCH_AND_VERIFY_FROM_SOURCE_BEFORE_PUBLICATION,"{""platform_purpose"": null, ""token_utility"": null, ""data_structure"": null, ""smart_contract_capability"": null, ""transaction_validation"": null, ""consensus_mechanism"": null, ""governance_model"": null, ""tokenomics"": null, ""verdict_protocol_use"": null, ""verdict_token_use"": null, ""verdict_riba"": null, ""verdict_other_impermissibilities"": null}",FASSET-003-cardano,https://www.fasset.com/shariah-reports/,"[""ADA""]",ADA
QUEUED,Solana,"Status observed on Fasset's public Shariah Reports page. Detailed source fields must be fetched, verified and attributed separately.",Fasset,False,SOL,Shariah Compliant,True,FASSET_SHARIAH_REPORTS,ELIGIBLE_EXTERNAL_REFERENCE,PENDING_ADMIN_REVIEW,2026-07-24,FETCH_AND_VERIFY_FROM_SOURCE_BEFORE_PUBLICATION,"{""platform_purpose"": null, ""token_utility"": null, ""data_structure"": null, ""smart_contract_capability"": null, ""transaction_validation"": null, ""consensus_mechanism"": null, ""governance_model"": null, ""tokenomics"": null, ""verdict_protocol_use"": null, ""verdict_token_use"": null, ""verdict_riba"": null, ""verdict_other_impermissibilities"": null}",FASSET-004-solana,https://www.fasset.com/shariah-reports/,"[""SOL""]",SOL
QUEUED,XRP,"Status observed on Fasset's public Shariah Reports page. Detailed source fields must be fetched, verified and attributed separately.",Fasset,False,XRP,Shariah Compliant,True,FASSET_SHARIAH_REPORTS,ELIGIBLE_EXTERNAL_REFERENCE,PENDING_ADMIN_REVIEW,2026-07-24,FETCH_AND_VERIFY_FROM_SOURCE_BEFORE_PUBLICATION,"{""platform_purpose"": null, ""token_utility"": null, ""data_structure"": null, ""smart_contract_capability"": null, ""transaction_validation"": null, ""consensus_mechanism"": null, ""governance_model"": null, ""tokenomics"": null, ""verdict_protocol_use"": null, ""verdict_token_use"": null, ""verdict_riba"": null, ""verdict_other_impermissibilities"": null}",FASSET-005-xrp,https://www.fasset.com/shariah-reports/,"[""XRP""]",XRP
QUEUED,Dogecoin,"Status observed on Fasset's public Shariah Reports page. Detailed source fields must be fetched, verified and attributed separately.",Fasset,False,DOGE,Shariah Compliant,True,FASSET_SHARIAH_REPORTS,ELIGIBLE_EXTERNAL_REFERENCE,PENDING_ADMIN_REVIEW,2026-07-24,FETCH_AND_VERIFY_FROM_SOURCE_BEFORE_PUBLICATION,"{""platform_purpose"": null, ""token_utility"": null, ""data_structure"": null, ""smart_contract_capability"": null, ""transaction_validation"": null, ""consensus_mechanism"": null, ""governance_model"": null, ""tokenomics"": null, ""verdict_protocol_use"": null, ""verdict_token_use"": null, ""verdict_riba"": null, ""verdict_other_impermissibilities"": null}",FASSET-006-dogecoin,https://www.fasset.com/shariah-reports/,"[""DOGE""]",DOGE
QUEUED,Polkadot,"Status observed on Fasset's public Shariah Reports page. Detailed source fields must be fetched, verified and attributed separately.",Fasset,False,DOT,Shariah Compliant,True,FASSET_SHARIAH_REPORTS,ELIGIBLE_EXTERNAL_REFERENCE,PENDING_ADMIN_REVIEW,2026-07-24,FETCH_AND_VERIFY_FROM_SOURCE_BEFORE_PUBLICATION,"{""platform_purpose"": null, ""token_utility"": null, ""data_structure"": null, ""smart_contract_capability"": null, ""transaction_validation"": null, ""consensus_mechanism"": null, ""governance_model"": null, ""tokenomics"": null, ""verdict_protocol_use"": null, ""verdict_token_use"": null, ""verdict_riba"": null, ""verdict_other_impermissibilities"": null}",FASSET-007-polkadot,https://www.fasset.com/shariah-reports/,"[""DOT""]",DOT
QUEUED,Litecoin,"Status observed on Fasset's public Shariah Reports page. Detailed source fields must be fetched, verified and attributed separately.",Fasset,False,LTC,Shariah Compliant,True,FASSET_SHARIAH_REPORTS,ELIGIBLE_EXTERNAL_REFERENCE,PENDING_ADMIN_REVIEW,2026-07-24,FETCH_AND_VERIFY_FROM_SOURCE_BEFORE_PUBLICATION,"{""platform_purpose"": null, ""token_utility"": null, ""data_structure"": null, ""smart_contract_capability"": null, ""transaction_validation"": null, ""consensus_mechanism"": null, ""governance_model"": null, ""tokenomics"": null, ""verdict_protocol_use"": null, ""verdict_token_use"": null, ""verdict_riba"": null, ""verdict_other_impermissibilities"": null}",FASSET-008-litecoin,https://www.fasset.com/shariah-reports/,"[""LTC""]",LTC
QUEUED,Chainlink,"Status observed on Fasset's public Shariah Reports page. Detailed source fields must be fetched, verified and attributed separately.",Fasset,False,LINK,Shariah Compliant,True,FASSET_SHARIAH_REPORTS,ELIGIBLE_EXTERNAL_REFERENCE,PENDING_ADMIN_REVIEW,2026-07-24,FETCH_AND_VERIFY_FROM_SOURCE_BEFORE_PUBLICATION,"{""platform_purpose"": null, ""token_utility"": null, ""data_structure"": null, ""smart_contract_capability"": null, ""transaction_validation"": null, ""consensus_mechanism"": null, ""governance_model"": null, ""tokenomics"": null, ""verdict_protocol_use"": null, ""verdict_token_use"": null, ""verdict_riba"": null, ""verdict_other_impermissibilities"": null}",FASSET-009-chainlink,https://www.fasset.com/shariah-reports/,"[""LINK""]",LINK
QUEUED,Uniswap,"Status observed on Fasset's public Shariah Reports page. Detailed source fields must be fetched, verified and attributed separately.",Fasset,False,UNI,Shariah Compliant,True,FASSET_SHARIAH_REPORTS,ELIGIBLE_EXTERNAL_REFERENCE,PENDING_ADMIN_REVIEW,2026-07-24,FETCH_AND_VERIFY_FROM_SOURCE_BEFORE_PUBLICATION,"{""platform_purpose"": null, ""token_utility"": null, ""data_structure"": null, ""smart_contract_capability"": null, ""transaction_validation"": null, ""consensus_mechanism"": null, ""governance_model"": null, ""tokenomics"": null, ""verdict_protocol_use"": null, ""verdict_token_use"": null, ""verdict_riba"": null, ""verdict_other_impermissibilities"": null}",FASSET-010-uniswap,https://www.fasset.com/shariah-reports/,"[""UNI""]",UNI
QUEUED,Avalanche,"Status observed on Fasset's public Shariah Reports page. Detailed source fields must be fetched, verified and attributed separately.",Fasset,False,AVAX,Shariah Compliant,True,FASSET_SHARIAH_REPORTS,ELIGIBLE_EXTERNAL_REFERENCE,PENDING_ADMIN_REVIEW,2026-07-24,FETCH_AND_VERIFY_FROM_SOURCE_BEFORE_PUBLICATION,"{""platform_purpose"": null, ""token_utility"": null, ""data_structure"": null, ""smart_contract_capability"": null, ""transaction_validation"": null, ""consensus_mechanism"": null, ""governance_model"": null, ""tokenomics"": null, ""verdict_protocol_use"": null, ""verdict_token_use"": null, ""verdict_riba"": null, ""verdict_other_impermissibilities"": null}",FASSET-011-avalanche,https://www.fasset.com/shariah-reports/,"[""AVAX""]",AVAX
QUEUED,Stellar,"Status observed on Fasset's public Shariah Reports page. Detailed source fields must be fetched, verified and attributed separately.",Fasset,False,XLM,Shariah Compliant,True,FASSET_SHARIAH_REPORTS,ELIGIBLE_EXTERNAL_REFERENCE,PENDING_ADMIN_REVIEW,2026-07-24,FETCH_AND_VERIFY_FROM_SOURCE_BEFORE_PUBLICATION,"{""platform_purpose"": null, ""token_utility"": null, ""data_structure"": null, ""smart_contract_capability"": null, ""transaction_validation"": null, ""consensus_mechanism"": null, ""governance_model"": null, ""tokenomics"": null, ""verdict_protocol_use"": null, ""verdict_token_use"": null, ""verdict_riba"": null, ""verdict_other_impermissibilities"": null}",FASSET-012-stellar,https://www.fasset.com/shariah-reports/,"[""XLM""]",XLM
QUEUED,Bitcoin Cash,"Status observed on Fasset's public Shariah Reports page. Detailed source fields must be fetched, verified and attributed separately.",Fasset,False,BCH,Shariah Compliant,True,FASSET_SHARIAH_REPORTS,ELIGIBLE_EXTERNAL_REFERENCE,PENDING_ADMIN_REVIEW,2026-07-24,FETCH_AND_VERIFY_FROM_SOURCE_BEFORE_PUBLICATION,"{""platform_purpose"": null, ""token_utility"": null, ""data_structure"": null, ""smart_contract_capability"": null, ""transaction_validation"": null, ""consensus_mechanism"": null, ""governance_model"": null, ""tokenomics"": null, ""verdict_protocol_use"": null, ""verdict_token_use"": null, ""verdict_riba"": null, ""verdict_other_impermissibilities"": null}",FASSET-013-bitcoin-cash,https://www.fasset.com/shariah-reports/,"[""BCH""]",BCH
QUEUED,Polygon,"Status observed on Fasset's public Shariah Reports page. Detailed source fields must be fetched, verified and attributed separately.",Fasset,False,MATIC,Shariah Compliant,True,FASSET_SHARIAH_REPORTS,ELIGIBLE_EXTERNAL_REFERENCE,PENDING_ADMIN_REVIEW,2026-07-24,FETCH_AND_VERIFY_FROM_SOURCE_BEFORE_PUBLICATION,"{""platform_purpose"": null, ""token_utility"": null, ""data_structure"": null, ""smart_contract_capability"": null, ""transaction_validation"": null, ""consensus_mechanism"": null, ""governance_model"": null, ""tokenomics"": null, ""verdict_protocol_use"": null, ""verdict_token_use"": null, ""verdict_riba"": null, ""verdict_other_impermissibilities"": null}",FASSET-014-polygon,https://www.fasset.com/shariah-reports/,"[""MATIC""]",MATIC
QUEUED,Filecoin,"Status observed on Fasset's public Shariah Reports page. Detailed source fields must be fetched, verified and attributed separately.",Fasset,False,FIL,Shariah Compliant,True,FASSET_SHARIAH_REPORTS,ELIGIBLE_EXTERNAL_REFERENCE,PENDING_ADMIN_REVIEW,2026-07-24,FETCH_AND_VERIFY_FROM_SOURCE_BEFORE_PUBLICATION,"{""platform_purpose"": null, ""token_utility"": null, ""data_structure"": null, ""smart_contract_capability"": null, ""transaction_validation"": null, ""consensus_mechanism"": null, ""governance_model"": null, ""tokenomics"": null, ""verdict_protocol_use"": null, ""verdict_token_use"": null, ""verdict_riba"": null, ""verdict_other_impermissibilities"": null}",FASSET-015-filecoin,https://www.fasset.com/shariah-reports/,"[""FIL""]",FIL
QUEUED,TRON,"Status observed on Fasset's public Shariah Reports page. Detailed source fields must be fetched, verified and attributed separately.",Fasset,False,TRX,Shariah Compliant,True,FASSET_SHARIAH_REPORTS,ELIGIBLE_EXTERNAL_REFERENCE,PENDING_ADMIN_REVIEW,2026-07-24,FETCH_AND_VERIFY_FROM_SOURCE_BEFORE_PUBLICATION,"{""platform_purpose"": null, ""token_utility"": null, ""data_structure"": null, ""smart_contract_capability"": null, ""transaction_validation"": null, ""consensus_mechanism"": null, ""governance_model"": null, ""tokenomics"": null, ""verdict_protocol_use"": null, ""verdict_token_use"": null, ""verdict_riba"": null, ""verdict_other_impermissibilities"": null}",FASSET-016-tron,https://www.fasset.com/shariah-reports/,"[""TRX""]",TRX
QUEUED,Ethereum Classic,"Status observed on Fasset's public Shariah Reports page. Detailed source fields must be fetched, verified and attributed separately.",Fasset,False,ETC,Shariah Compliant,True,FASSET_SHARIAH_REPORTS,ELIGIBLE_EXTERNAL_REFERENCE,PENDING_ADMIN_REVIEW,2026-07-24,FETCH_AND_VERIFY_FROM_SOURCE_BEFORE_PUBLICATION,"{""platform_purpose"": null, ""token_utility"": null, ""data_structure"": null, ""smart_contract_capability"": null, ""transaction_validation"": null, ""consensus_mechanism"": null, ""governance_model"": null, ""tokenomics"": null, ""verdict_protocol_use"": null, ""verdict_token_use"": null, ""verdict_riba"": null, ""verdict_other_impermissibilities"": null}",FASSET-017-ethereum-classic,https://www.fasset.com/shariah-reports/,"[""ETC""]",ETC
QUEUED,VeChain,"Status observed on Fasset's public Shariah Reports page. Detailed source fields must be fetched, verified and attributed separately.",Fasset,False,VET,Shariah Compliant,True,FASSET_SHARIAH_REPORTS,ELIGIBLE_EXTERNAL_REFERENCE,PENDING_ADMIN_REVIEW,2026-07-24,FETCH_AND_VERIFY_FROM_SOURCE_BEFORE_PUBLICATION,"{""platform_purpose"": null, ""token_utility"": null, ""data_structure"": null, ""smart_contract_capability"": null, ""transaction_validation"": null, ""consensus_mechanism"": null, ""governance_model"": null, ""tokenomics"": null, ""verdict_protocol_use"": null, ""verdict_token_use"": null, ""verdict_riba"": null, ""verdict_other_impermissibilities"": null}",FASSET-018-vechain,https://www.fasset.com/shariah-reports/,"[""VET""]",VET
QUEUED,Monero,"Status observed on Fasset's public Shariah Reports page. Detailed source fields must be fetched, verified and attributed separately.",Fasset,False,XMR,Shariah Compliant,True,FASSET_SHARIAH_REPORTS,ELIGIBLE_EXTERNAL_REFERENCE,PENDING_ADMIN_REVIEW,2026-07-24,FETCH_AND_VERIFY_FROM_SOURCE_BEFORE_PUBLICATION,"{""platform_purpose"": null, ""token_utility"": null, ""data_structure"": null, ""smart_contract_capability"": null, ""transaction_validation"": null, ""consensus_mechanism"": null, ""governance_model"": null, ""tokenomics"": null, ""verdict_protocol_use"": null, ""verdict_token_use"": null, ""verdict_riba"": null, ""verdict_other_impermissibilities"": null}",FASSET-019-monero,https://www.fasset.com/shariah-reports/,"[""XMR""]",XMR
QUEUED,EOS,"Status observed on Fasset's public Shariah Reports page. Detailed source fields must be fetched, verified and attributed separately.",Fasset,False,EOS,Shariah Compliant,True,FASSET_SHARIAH_REPORTS,ELIGIBLE_EXTERNAL_REFERENCE,PENDING_ADMIN_REVIEW,2026-07-24,FETCH_AND_VERIFY_FROM_SOURCE_BEFORE_PUBLICATION,"{""platform_purpose"": null, ""token_utility"": null, ""data_structure"": null, ""smart_contract_capability"": null, ""transaction_validation"": null, ""consensus_mechanism"": null, ""governance_model"": null, ""tokenomics"": null, ""verdict_protocol_use"": null, ""verdict_token_use"": null, ""verdict_riba"": null, ""verdict_other_impermissibilities"": null}",FASSET-020-eos,https://www.fasset.com/shariah-reports/,"[""EOS""]",EOS
QUEUED,Tether,"Status observed on Fasset's public Shariah Reports page. Detailed source fields must be fetched, verified and attributed separately.",Fasset,False,USDT,Shariah Compliant,True,FASSET_SHARIAH_REPORTS,ELIGIBLE_EXTERNAL_REFERENCE,PENDING_ADMIN_REVIEW,2026-07-24,FETCH_AND_VERIFY_FROM_SOURCE_BEFORE_PUBLICATION,"{""platform_purpose"": null, ""token_utility"": null, ""data_structure"": null, ""smart_contract_capability"": null, ""transaction_validation"": null, ""consensus_mechanism"": null, ""governance_model"": null, ""tokenomics"": null, ""verdict_protocol_use"": null, ""verdict_token_use"": null, ""verdict_riba"": null, ""verdict_other_impermissibilities"": null}",FASSET-021-tether,https://www.fasset.com/shariah-reports/,"[""USDT""]",USDT
QUEUED,IOTA,"Status observed on Fasset's public Shariah Reports page. Detailed source fields must be fetched, verified and attributed separately.",Fasset,False,MIOTA,Shariah Compliant,True,FASSET_SHARIAH_REPORTS,ELIGIBLE_EXTERNAL_REFERENCE,PENDING_ADMIN_REVIEW,2026-07-24,FETCH_AND_VERIFY_FROM_SOURCE_BEFORE_PUBLICATION,"{""platform_purpose"": null, ""token_utility"": null, ""data_structure"": null, ""smart_contract_capability"": null, ""transaction_validation"": null, ""consensus_mechanism"": null, ""governance_model"": null, ""tokenomics"": null, ""verdict_protocol_use"": null, ""verdict_token_use"": null, ""verdict_riba"": null, ""verdict_other_impermissibilities"": null}",FASSET-022-iota,https://www.fasset.com/shariah-reports/,"[""MIOTA""]",MIOTA
QUEUED,Cosmos,"Status observed on Fasset's public Shariah Reports page. Detailed source fields must be fetched, verified and attributed separately.",Fasset,False,ATOM,Shariah Compliant,True,FASSET_SHARIAH_REPORTS,ELIGIBLE_EXTERNAL_REFERENCE,PENDING_ADMIN_REVIEW,2026-07-24,FETCH_AND_VERIFY_FROM_SOURCE_BEFORE_PUBLICATION,"{""platform_purpose"": null, ""token_utility"": null, ""data_structure"": null, ""smart_contract_capability"": null, ""transaction_validation"": null, ""consensus_mechanism"": null, ""governance_model"": null, ""tokenomics"": null, ""verdict_protocol_use"": null, ""verdict_token_use"": null, ""verdict_riba"": null, ""verdict_other_impermissibilities"": null}",FASSET-023-cosmos,https://www.fasset.com/shariah-reports/,"[""ATOM""]",ATOM
QUEUED,Neo,"Status observed on Fasset's public Shariah Reports page. Detailed source fields must be fetched, verified and attributed separately.",Fasset,False,NEO,Shariah Compliant,True,FASSET_SHARIAH_REPORTS,ELIGIBLE_EXTERNAL_REFERENCE,PENDING_ADMIN_REVIEW,2026-07-24,FETCH_AND_VERIFY_FROM_SOURCE_BEFORE_PUBLICATION,"{""platform_purpose"": null, ""token_utility"": null, ""data_structure"": null, ""smart_contract_capability"": null, ""transaction_validation"": null, ""consensus_mechanism"": null, ""governance_model"": null, ""tokenomics"": null, ""verdict_protocol_use"": null, ""verdict_token_use"": null, ""verdict_riba"": null, ""verdict_other_impermissibilities"": null}",FASSET-024-neo,https://www.fasset.com/shariah-reports/,"[""NEO""]",NEO
QUEUED,Tezos,"Status observed on Fasset's public Shariah Reports page. Detailed source fields must be fetched, verified and attributed separately.",Fasset,False,XTZ,Shariah Compliant,True,FASSET_SHARIAH_REPORTS,ELIGIBLE_EXTERNAL_REFERENCE,PENDING_ADMIN_REVIEW,2026-07-24,FETCH_AND_VERIFY_FROM_SOURCE_BEFORE_PUBLICATION,"{""platform_purpose"": null, ""token_utility"": null, ""data_structure"": null, ""smart_contract_capability"": null, ""transaction_validation"": null, ""consensus_mechanism"": null, ""governance_model"": null, ""tokenomics"": null, ""verdict_protocol_use"": null, ""verdict_token_use"": null, ""verdict_riba"": null, ""verdict_other_impermissibilities"": null}",FASSET-025-tezos,https://www.fasset.com/shariah-reports/,"[""XTZ""]",XTZ
QUEUED,Algorand,"Status observed on Fasset's public Shariah Reports page. Detailed source fields must be fetched, verified and attributed separately.",Fasset,False,ALGO,Shariah Compliant,True,FASSET_SHARIAH_REPORTS,ELIGIBLE_EXTERNAL_REFERENCE,PENDING_ADMIN_REVIEW,2026-07-24,FETCH_AND_VERIFY_FROM_SOURCE_BEFORE_PUBLICATION,"{""platform_purpose"": null, ""token_utility"": null, ""data_structure"": null, ""smart_contract_capability"": null, ""transaction_validation"": null, ""consensus_mechanism"": null, ""governance_model"": null, ""tokenomics"": null, ""verdict_protocol_use"": null, ""verdict_token_use"": null, ""verdict_riba"": null, ""verdict_other_impermissibilities"": null}",FASSET-026-algorand,https://www.fasset.com/shariah-reports/,"[""ALGO""]",ALGO
QUEUED,Decred,"Status observed on Fasset's public Shariah Reports page. Detailed source fields must be fetched, verified and attributed separately.",Fasset,False,DCR,Shariah Compliant,True,FASSET_SHARIAH_REPORTS,ELIGIBLE_EXTERNAL_REFERENCE,PENDING_ADMIN_REVIEW,2026-07-24,FETCH_AND_VERIFY_FROM_SOURCE_BEFORE_PUBLICATION,"{""platform_purpose"": null, ""token_utility"": null, ""data_structure"": null, ""smart_contract_capability"": null, ""transaction_validation"": null, ""consensus_mechanism"": null, ""governance_model"": null, ""tokenomics"": null, ""verdict_protocol_use"": null, ""verdict_token_use"": null, ""verdict_riba"": null, ""verdict_other_impermissibilities"": null}",FASSET-027-decred,https://www.fasset.com/shariah-reports/,"[""DCR""]",DCR
QUEUED,USD Coin,"Status observed on Fasset's public Shariah Reports page. Detailed source fields must be fetched, verified and attributed separately.",Fasset,False,USDC,Shariah Compliant,True,FASSET_SHARIAH_REPORTS,ELIGIBLE_EXTERNAL_REFERENCE,PENDING_ADMIN_REVIEW,2026-07-24,FETCH_AND_VERIFY_FROM_SOURCE_BEFORE_PUBLICATION,"{""platform_purpose"": null, ""token_utility"": null, ""data_structure"": null, ""smart_contract_capability"": null, ""transaction_validation"": null, ""consensus_mechanism"": null, ""governance_model"": null, ""tokenomics"": null, ""verdict_protocol_use"": null, ""verdict_token_use"": null, ""verdict_riba"": null, ""verdict_other_impermissibilities"": null}",FASSET-028-usd-coin,https://www.fasset.com/shariah-reports/,"[""USDC""]",USDC
QUEUED,Binance Coin,"Status observed on Fasset's public Shariah Reports page. Detailed source fields must be fetched, verified and attributed separately.",Fasset,False,BNB,Shariah Compliant,True,FASSET_SHARIAH_REPORTS,ELIGIBLE_EXTERNAL_REFERENCE,PENDING_ADMIN_REVIEW,2026-07-24,FETCH_AND_VERIFY_FROM_SOURCE_BEFORE_PUBLICATION,"{""platform_purpose"": null, ""token_utility"": null, ""data_structure"": null, ""smart_contract_capability"": null, ""transaction_validation"": null, ""consensus_mechanism"": null, ""governance_model"": null, ""tokenomics"": null, ""verdict_protocol_use"": null, ""verdict_token_use"": null, ""verdict_riba"": null, ""verdict_other_impermissibilities"": null}",FASSET-029-binance-coin,https://www.fasset.com/shariah-reports/,"[""BNB""]",BNB
QUEUED,Toncoin,"Status observed on Fasset's public Shariah Reports page. Detailed source fields must be fetched, verified and attributed separately.",Fasset,False,TON,Shariah Compliant,True,FASSET_SHARIAH_REPORTS,ELIGIBLE_EXTERNAL_REFERENCE,PENDING_ADMIN_REVIEW,2026-07-24,FETCH_AND_VERIFY_FROM_SOURCE_BEFORE_PUBLICATION,"{""platform_purpose"": null, ""token_utility"": null, ""data_structure"": null, ""smart_contract_capability"": null, ""transaction_validation"": null, ""consensus_mechanism"": null, ""governance_model"": null, ""tokenomics"": null, ""verdict_protocol_use"": null, ""verdict_token_use"": null, ""verdict_riba"": null, ""verdict_other_impermissibilities"": null}",FASSET-030-toncoin,https://www.fasset.com/shariah-reports/,"[""TON""]",TON
QUEUED,Artificial Superintelligence Alliance,"Status observed on Fasset's public Shariah Reports page. Detailed source fields must be fetched, verified and attributed separately.",Fasset,False,ASI,Shariah Compliant,True,FASSET_SHARIAH_REPORTS,ELIGIBLE_EXTERNAL_REFERENCE,PENDING_ADMIN_REVIEW,2026-07-24,FETCH_AND_VERIFY_FROM_SOURCE_BEFORE_PUBLICATION,"{""platform_purpose"": null, ""token_utility"": null, ""data_structure"": null, ""smart_contract_capability"": null, ""transaction_validation"": null, ""consensus_mechanism"": null, ""governance_model"": null, ""tokenomics"": null, ""verdict_protocol_use"": null, ""verdict_token_use"": null, ""verdict_riba"": null, ""verdict_other_impermissibilities"": null}",FASSET-031-artificial-superintelligence-alliance,https://www.fasset.com/shariah-reports/,"[""ASI""]",ASI
QUEUED,Render,"Status observed on Fasset's public Shariah Reports page. Detailed source fields must be fetched, verified and attributed separately.",Fasset,False,RENDER,Shariah Compliant,True,FASSET_SHARIAH_REPORTS,ELIGIBLE_EXTERNAL_REFERENCE,PENDING_ADMIN_REVIEW,2026-07-24,FETCH_AND_VERIFY_FROM_SOURCE_BEFORE_PUBLICATION,"{""platform_purpose"": null, ""token_utility"": null, ""data_structure"": null, ""smart_contract_capability"": null, ""transaction_validation"": null, ""consensus_mechanism"": null, ""governance_model"": null, ""tokenomics"": null, ""verdict_protocol_use"": null, ""verdict_token_use"": null, ""verdict_riba"": null, ""verdict_other_impermissibilities"": null}",FASSET-032-render,https://www.fasset.com/shariah-reports/,"[""RNDR"", ""RENDER""]",RNDR / RENDER
QUEUED,The Graph,"Status observed on Fasset's public Shariah Reports page. Detailed source fields must be fetched, verified and attributed separately.",Fasset,False,GRT,Shariah Compliant,True,FASSET_SHARIAH_REPORTS,ELIGIBLE_EXTERNAL_REFERENCE,PENDING_ADMIN_REVIEW,2026-07-24,FETCH_AND_VERIFY_FROM_SOURCE_BEFORE_PUBLICATION,"{""platform_purpose"": null, ""token_utility"": null, ""data_structure"": null, ""smart_contract_capability"": null, ""transaction_validation"": null, ""consensus_mechanism"": null, ""governance_model"": null, ""tokenomics"": null, ""verdict_protocol_use"": null, ""verdict_token_use"": null, ""verdict_riba"": null, ""verdict_other_impermissibilities"": null}",FASSET-033-the-graph,https://www.fasset.com/shariah-reports/,"[""GRT""]",GRT
QUEUED,Hedera,"Status observed on Fasset's public Shariah Reports page. Detailed source fields must be fetched, verified and attributed separately.",Fasset,False,HBAR,Shariah Compliant,True,FASSET_SHARIAH_REPORTS,ELIGIBLE_EXTERNAL_REFERENCE,PENDING_ADMIN_REVIEW,2026-07-24,FETCH_AND_VERIFY_FROM_SOURCE_BEFORE_PUBLICATION,"{""platform_purpose"": null, ""token_utility"": null, ""data_structure"": null, ""smart_contract_capability"": null, ""transaction_validation"": null, ""consensus_mechanism"": null, ""governance_model"": null, ""tokenomics"": null, ""verdict_protocol_use"": null, ""verdict_token_use"": null, ""verdict_riba"": null, ""verdict_other_impermissibilities"": null}",FASSET-034-hedera,https://www.fasset.com/shariah-reports/,"[""HBAR""]",HBAR
QUEUED,Stacks,"Status observed on Fasset's public Shariah Reports page. Detailed source fields must be fetched, verified and attributed separately.",Fasset,False,STX,Shariah Compliant,True,FASSET_SHARIAH_REPORTS,ELIGIBLE_EXTERNAL_REFERENCE,PENDING_ADMIN_REVIEW,2026-07-24,FETCH_AND_VERIFY_FROM_SOURCE_BEFORE_PUBLICATION,"{""platform_purpose"": null, ""token_utility"": null, ""data_structure"": null, ""smart_contract_capability"": null, ""transaction_validation"": null, ""consensus_mechanism"": null, ""governance_model"": null, ""tokenomics"": null, ""verdict_protocol_use"": null, ""verdict_token_use"": null, ""verdict_riba"": null, ""verdict_other_impermissibilities"": null}",FASSET-035-stacks,https://www.fasset.com/shariah-reports/,"[""STX""]",STX
QUEUED,Gala,"Status observed on Fasset's public Shariah Reports page. Detailed source fields must be fetched, verified and attributed separately.",Fasset,False,GALA,Shariah Compliant,True,FASSET_SHARIAH_REPORTS,ELIGIBLE_EXTERNAL_REFERENCE,PENDING_ADMIN_REVIEW,2026-07-24,FETCH_AND_VERIFY_FROM_SOURCE_BEFORE_PUBLICATION,"{""platform_purpose"": null, ""token_utility"": null, ""data_structure"": null, ""smart_contract_capability"": null, ""transaction_validation"": null, ""consensus_mechanism"": null, ""governance_model"": null, ""tokenomics"": null, ""verdict_protocol_use"": null, ""verdict_token_use"": null, ""verdict_riba"": null, ""verdict_other_impermissibilities"": null}",FASSET-036-gala,https://www.fasset.com/shariah-reports/,"[""GALA""]",GALA
QUEUED,AltLayer,"Status observed on Fasset's public Shariah Reports page. Detailed source fields must be fetched, verified and attributed separately.",Fasset,False,ALT,Shariah Compliant,True,FASSET_SHARIAH_REPORTS,ELIGIBLE_EXTERNAL_REFERENCE,PENDING_ADMIN_REVIEW,2026-07-24,FETCH_AND_VERIFY_FROM_SOURCE_BEFORE_PUBLICATION,"{""platform_purpose"": null, ""token_utility"": null, ""data_structure"": null, ""smart_contract_capability"": null, ""transaction_validation"": null, ""consensus_mechanism"": null, ""governance_model"": null, ""tokenomics"": null, ""verdict_protocol_use"": null, ""verdict_token_use"": null, ""verdict_riba"": null, ""verdict_other_impermissibilities"": null}",FASSET-037-altlayer,https://www.fasset.com/shariah-reports/,"[""ALT""]",ALT
QUEUED,ZKsync,"Status observed on Fasset's public Shariah Reports page. Detailed source fields must be fetched, verified and attributed separately.",Fasset,False,ZK,Shariah Compliant,True,FASSET_SHARIAH_REPORTS,ELIGIBLE_EXTERNAL_REFERENCE,PENDING_ADMIN_REVIEW,2026-07-24,FETCH_AND_VERIFY_FROM_SOURCE_BEFORE_PUBLICATION,"{""platform_purpose"": null, ""token_utility"": null, ""data_structure"": null, ""smart_contract_capability"": null, ""transaction_validation"": null, ""consensus_mechanism"": null, ""governance_model"": null, ""tokenomics"": null, ""verdict_protocol_use"": null, ""verdict_token_use"": null, ""verdict_riba"": null, ""verdict_other_impermissibilities"": null}",FASSET-038-zksync,https://www.fasset.com/shariah-reports/,"[""ZK""]",ZK
QUEUED,Arkham,"Status observed on Fasset's public Shariah Reports page. Detailed source fields must be fetched, verified and attributed separately.",Fasset,False,ARKM,Shariah Compliant,True,FASSET_SHARIAH_REPORTS,ELIGIBLE_EXTERNAL_REFERENCE,PENDING_ADMIN_REVIEW,2026-07-24,FETCH_AND_VERIFY_FROM_SOURCE_BEFORE_PUBLICATION,"{""platform_purpose"": null, ""token_utility"": null, ""data_structure"": null, ""smart_contract_capability"": null, ""transaction_validation"": null, ""consensus_mechanism"": null, ""governance_model"": null, ""tokenomics"": null, ""verdict_protocol_use"": null, ""verdict_token_use"": null, ""verdict_riba"": null, ""verdict_other_impermissibilities"": null}",FASSET-039-arkham,https://www.fasset.com/shariah-reports/,"[""ARKM""]",ARKM
QUEUED,Trust Wallet,"Status observed on Fasset's public Shariah Reports page. Detailed source fields must be fetched, verified and attributed separately.",Fasset,False,TWT,Shariah Compliant,True,FASSET_SHARIAH_REPORTS,ELIGIBLE_EXTERNAL_REFERENCE,PENDING_ADMIN_REVIEW,2026-07-24,FETCH_AND_VERIFY_FROM_SOURCE_BEFORE_PUBLICATION,"{""platform_purpose"": null, ""token_utility"": null, ""data_structure"": null, ""smart_contract_capability"": null, ""transaction_validation"": null, ""consensus_mechanism"": null, ""governance_model"": null, ""tokenomics"": null, ""verdict_protocol_use"": null, ""verdict_token_use"": null, ""verdict_riba"": null, ""verdict_other_impermissibilities"": null}",FASSET-040-trust-wallet,https://www.fasset.com/shariah-reports/,"[""TWT""]",TWT
QUEUED,Raydium,"Status observed on Fasset's public Shariah Reports page. Detailed source fields must be fetched, verified and attributed separately.",Fasset,False,RAY,Shariah Compliant,True,FASSET_SHARIAH_REPORTS,ELIGIBLE_EXTERNAL_REFERENCE,PENDING_ADMIN_REVIEW,2026-07-24,FETCH_AND_VERIFY_FROM_SOURCE_BEFORE_PUBLICATION,"{""platform_purpose"": null, ""token_utility"": null, ""data_structure"": null, ""smart_contract_capability"": null, ""transaction_validation"": null, ""consensus_mechanism"": null, ""governance_model"": null, ""tokenomics"": null, ""verdict_protocol_use"": null, ""verdict_token_use"": null, ""verdict_riba"": null, ""verdict_other_impermissibilities"": null}",FASSET-041-raydium,https://www.fasset.com/shariah-reports/,"[""RAY""]",RAY
QUEUED,Mantle,"Status observed on Fasset's public Shariah Reports page. Detailed source fields must be fetched, verified and attributed separately.",Fasset,False,MNT,Shariah Compliant,True,FASSET_SHARIAH_REPORTS,ELIGIBLE_EXTERNAL_REFERENCE,PENDING_ADMIN_REVIEW,2026-07-24,FETCH_AND_VERIFY_FROM_SOURCE_BEFORE_PUBLICATION,"{""platform_purpose"": null, ""token_utility"": null, ""data_structure"": null, ""smart_contract_capability"": null, ""transaction_validation"": null, ""consensus_mechanism"": null, ""governance_model"": null, ""tokenomics"": null, ""verdict_protocol_use"": null, ""verdict_token_use"": null, ""verdict_riba"": null, ""verdict_other_impermissibilities"": null}",FASSET-042-mantle,https://www.fasset.com/shariah-reports/,"[""MNT""]",MNT
QUEUED,Bittensor,"Status observed on Fasset's public Shariah Reports page. Detailed source fields must be fetched, verified and attributed separately.",Fasset,False,TAO,Shariah Compliant,True,FASSET_SHARIAH_REPORTS,ELIGIBLE_EXTERNAL_REFERENCE,PENDING_ADMIN_REVIEW,2026-07-24,FETCH_AND_VERIFY_FROM_SOURCE_BEFORE_PUBLICATION,"{""platform_purpose"": null, ""token_utility"": null, ""data_structure"": null, ""smart_contract_capability"": null, ""transaction_validation"": null, ""consensus_mechanism"": null, ""governance_model"": null, ""tokenomics"": null, ""verdict_protocol_use"": null, ""verdict_token_use"": null, ""verdict_riba"": null, ""verdict_other_impermissibilities"": null}",FASSET-043-bittensor,https://www.fasset.com/shariah-reports/,"[""TAO""]",TAO
QUEUED,PayPal USD,"Status observed on Fasset's public Shariah Reports page. Detailed source fields must be fetched, verified and attributed separately.",Fasset,False,PYUSD,Shariah Compliant,True,FASSET_SHARIAH_REPORTS,ELIGIBLE_EXTERNAL_REFERENCE,PENDING_ADMIN_REVIEW,2026-07-24,FETCH_AND_VERIFY_FROM_SOURCE_BEFORE_PUBLICATION,"{""platform_purpose"": null, ""token_utility"": null, ""data_structure"": null, ""smart_contract_capability"": null, ""transaction_validation"": null, ""consensus_mechanism"": null, ""governance_model"": null, ""tokenomics"": null, ""verdict_protocol_use"": null, ""verdict_token_use"": null, ""verdict_riba"": null, ""verdict_other_impermissibilities"": null}",FASSET-044-paypal-usd,https://www.fasset.com/shariah-reports/,"[""PYUSD""]",PYUSD
QUEUED,Polygon,"Status observed on Fasset's public Shariah Reports page. Detailed source fields must be fetched, verified and attributed separately.",Fasset,False,POL,Shariah Compliant,True,FASSET_SHARIAH_REPORTS,ELIGIBLE_EXTERNAL_REFERENCE,PENDING_ADMIN_REVIEW,2026-07-24,FETCH_AND_VERIFY_FROM_SOURCE_BEFORE_PUBLICATION,"{""platform_purpose"": null, ""token_utility"": null, ""data_structure"": null, ""smart_contract_capability"": null, ""transaction_validation"": null, ""consensus_mechanism"": null, ""governance_model"": null, ""tokenomics"": null, ""verdict_protocol_use"": null, ""verdict_token_use"": null, ""verdict_riba"": null, ""verdict_other_impermissibilities"": null}",FASSET-045-polygon,https://www.fasset.com/shariah-reports/,"[""POL""]",POL
QUEUED,Worldcoin,"Status observed on Fasset's public Shariah Reports page. Detailed source fields must be fetched, verified and attributed separately.",Fasset,False,WLD,Shariah Compliant,True,FASSET_SHARIAH_REPORTS,ELIGIBLE_EXTERNAL_REFERENCE,PENDING_ADMIN_REVIEW,2026-07-24,FETCH_AND_VERIFY_FROM_SOURCE_BEFORE_PUBLICATION,"{""platform_purpose"": null, ""token_utility"": null, ""data_structure"": null, ""smart_contract_capability"": null, ""transaction_validation"": null, ""consensus_mechanism"": null, ""governance_model"": null, ""tokenomics"": null, ""verdict_protocol_use"": null, ""verdict_token_use"": null, ""verdict_riba"": null, ""verdict_other_impermissibilities"": null}",FASSET-046-worldcoin,https://www.fasset.com/shariah-reports/,"[""WLD""]",WLD
QUEUED,Internet Computer,"Status observed on Fasset's public Shariah Reports page. Detailed source fields must be fetched, verified and attributed separately.",Fasset,False,ICP,Shariah Compliant,True,FASSET_SHARIAH_REPORTS,ELIGIBLE_EXTERNAL_REFERENCE,PENDING_ADMIN_REVIEW,2026-07-24,FETCH_AND_VERIFY_FROM_SOURCE_BEFORE_PUBLICATION,"{""platform_purpose"": null, ""token_utility"": null, ""data_structure"": null, ""smart_contract_capability"": null, ""transaction_validation"": null, ""consensus_mechanism"": null, ""governance_model"": null, ""tokenomics"": null, ""verdict_protocol_use"": null, ""verdict_token_use"": null, ""verdict_riba"": null, ""verdict_other_impermissibilities"": null}",FASSET-047-internet-computer,https://www.fasset.com/shariah-reports/,"[""ICP""]",ICP
QUEUED,Ondo,"Status observed on Fasset's public Shariah Reports page. Detailed source fields must be fetched, verified and attributed separately.",Fasset,False,ONDO,Shariah Compliant,True,FASSET_SHARIAH_REPORTS,ELIGIBLE_EXTERNAL_REFERENCE,PENDING_ADMIN_REVIEW,2026-07-24,FETCH_AND_VERIFY_FROM_SOURCE_BEFORE_PUBLICATION,"{""platform_purpose"": null, ""token_utility"": null, ""data_structure"": null, ""smart_contract_capability"": null, ""transaction_validation"": null, ""consensus_mechanism"": null, ""governance_model"": null, ""tokenomics"": null, ""verdict_protocol_use"": null, ""verdict_token_use"": null, ""verdict_riba"": null, ""verdict_other_impermissibilities"": null}",FASSET-048-ondo,https://www.fasset.com/shariah-reports/,"[""ONDO""]",ONDO
QUEUED,PAX Gold,"Status observed on Fasset's public Shariah Reports page. Detailed source fields must be fetched, verified and attributed separately.",Fasset,False,PAXG,Shariah Compliant,True,FASSET_SHARIAH_REPORTS,ELIGIBLE_EXTERNAL_REFERENCE,PENDING_ADMIN_REVIEW,2026-07-24,FETCH_AND_VERIFY_FROM_SOURCE_BEFORE_PUBLICATION,"{""platform_purpose"": null, ""token_utility"": null, ""data_structure"": null, ""smart_contract_capability"": null, ""transaction_validation"": null, ""consensus_mechanism"": null, ""governance_model"": null, ""tokenomics"": null, ""verdict_protocol_use"": null, ""verdict_token_use"": null, ""verdict_riba"": null, ""verdict_other_impermissibilities"": null}",FASSET-049-pax-gold,https://www.fasset.com/shariah-reports/,"[""PAXG""]",PAXG
QUEUED,Kaspa,"Status observed on Fasset's public Shariah Reports page. Detailed source fields must be fetched, verified and attributed separately.",Fasset,False,KAS,Shariah Compliant,True,FASSET_SHARIAH_REPORTS,ELIGIBLE_EXTERNAL_REFERENCE,PENDING_ADMIN_REVIEW,2026-07-24,FETCH_AND_VERIFY_FROM_SOURCE_BEFORE_PUBLICATION,"{""platform_purpose"": null, ""token_utility"": null, ""data_structure"": null, ""smart_contract_capability"": null, ""transaction_validation"": null, ""consensus_mechanism"": null, ""governance_model"": null, ""tokenomics"": null, ""verdict_protocol_use"": null, ""verdict_token_use"": null, ""verdict_riba"": null, ""verdict_other_impermissibilities"": null}",FASSET-050-kaspa,https://www.fasset.com/shariah-reports/,"[""KAS""]",KAS
QUEUED,Render,"Status observed on Fasset's public Shariah Reports page. Detailed source fields must be fetched, verified and attributed separately.",Fasset,False,RENDER,Shariah Compliant,True,FASSET_SHARIAH_REPORTS,ELIGIBLE_EXTERNAL_REFERENCE,PENDING_ADMIN_REVIEW,2026-07-24,FETCH_AND_VERIFY_FROM_SOURCE_BEFORE_PUBLICATION,"{""platform_purpose"": null, ""token_utility"": null, ""data_structure"": null, ""smart_contract_capability"": null, ""transaction_validation"": null, ""consensus_mechanism"": null, ""governance_model"": null, ""tokenomics"": null, ""verdict_protocol_use"": null, ""verdict_token_use"": null, ""verdict_riba"": null, ""verdict_other_impermissibilities"": null}",FASSET-051-render,https://www.fasset.com/shariah-reports/,"[""RENDER""]",RENDER
QUEUED,GateToken,"Status observed on Fasset's public Shariah Reports page. Detailed source fields must be fetched, verified and attributed separately.",Fasset,False,GT,Shariah Compliant,True,FASSET_SHARIAH_REPORTS,ELIGIBLE_EXTERNAL_REFERENCE,PENDING_ADMIN_REVIEW,2026-07-24,FETCH_AND_VERIFY_FROM_SOURCE_BEFORE_PUBLICATION,"{""platform_purpose"": null, ""token_utility"": null, ""data_structure"": null, ""smart_contract_capability"": null, ""transaction_validation"": null, ""consensus_mechanism"": null, ""governance_model"": null, ""tokenomics"": null, ""verdict_protocol_use"": null, ""verdict_token_use"": null, ""verdict_riba"": null, ""verdict_other_impermissibilities"": null}",FASSET-052-gatetoken,https://www.fasset.com/shariah-reports/,"[""GT""]",GT
QUEUED,First Digital USD,"Status observed on Fasset's public Shariah Reports page. Detailed source fields must be fetched, verified and attributed separately.",Fasset,False,FDUSD,Shariah Compliant,True,FASSET_SHARIAH_REPORTS,ELIGIBLE_EXTERNAL_REFERENCE,PENDING_ADMIN_REVIEW,2026-07-24,FETCH_AND_VERIFY_FROM_SOURCE_BEFORE_PUBLICATION,"{""platform_purpose"": null, ""token_utility"": null, ""data_structure"": null, ""smart_contract_capability"": null, ""transaction_validation"": null, ""consensus_mechanism"": null, ""governance_model"": null, ""tokenomics"": null, ""verdict_protocol_use"": null, ""verdict_token_use"": null, ""verdict_riba"": null, ""verdict_other_impermissibilities"": null}",FASSET-053-first-digital-usd,https://www.fasset.com/shariah-reports/,"[""FDUSD""]",FDUSD
QUEUED,UNUS SED LEO,"Status observed on Fasset's public Shariah Reports page. Detailed source fields must be fetched, verified and attributed separately.",Fasset,False,LEO,Shariah Compliant,True,FASSET_SHARIAH_REPORTS,ELIGIBLE_EXTERNAL_REFERENCE,PENDING_ADMIN_REVIEW,2026-07-24,FETCH_AND_VERIFY_FROM_SOURCE_BEFORE_PUBLICATION,"{""platform_purpose"": null, ""token_utility"": null, ""data_structure"": null, ""smart_contract_capability"": null, ""transaction_validation"": null, ""consensus_mechanism"": null, ""governance_model"": null, ""tokenomics"": null, ""verdict_protocol_use"": null, ""verdict_token_use"": null, ""verdict_riba"": null, ""verdict_other_impermissibilities"": null}",FASSET-054-unus-sed-leo,https://www.fasset.com/shariah-reports/,"[""LEO""]",LEO
QUEUED,OKX Wrapped BTC,"Status observed on Fasset's public Shariah Reports page. Detailed source fields must be fetched, verified and attributed separately.",Fasset,False,OKXBTC,Shariah Compliant,True,FASSET_SHARIAH_REPORTS,ELIGIBLE_EXTERNAL_REFERENCE,PENDING_ADMIN_REVIEW,2026-07-24,FETCH_AND_VERIFY_FROM_SOURCE_BEFORE_PUBLICATION,"{""platform_purpose"": null, ""token_utility"": null, ""data_structure"": null, ""smart_contract_capability"": null, ""transaction_validation"": null, ""consensus_mechanism"": null, ""governance_model"": null, ""tokenomics"": null, ""verdict_protocol_use"": null, ""verdict_token_use"": null, ""verdict_riba"": null, ""verdict_other_impermissibilities"": null}",FASSET-055-okx-wrapped-btc,https://www.fasset.com/shariah-reports/,"[""OKXBTC""]",OKXBTC
QUEUED,Lido DAO,"Status observed on Fasset's public Shariah Reports page. Detailed source fields must be fetched, verified and attributed separately.",Fasset,False,LDO,Shariah Compliant,True,FASSET_SHARIAH_REPORTS,ELIGIBLE_EXTERNAL_REFERENCE,PENDING_ADMIN_REVIEW,2026-07-24,FETCH_AND_VERIFY_FROM_SOURCE_BEFORE_PUBLICATION,"{""platform_purpose"": null, ""token_utility"": null, ""data_structure"": null, ""smart_contract_capability"": null, ""transaction_validation"": null, ""consensus_mechanism"": null, ""governance_model"": null, ""tokenomics"": null, ""verdict_protocol_use"": null, ""verdict_token_use"": null, ""verdict_riba"": null, ""verdict_other_impermissibilities"": null}",FASSET-056-lido-dao,https://www.fasset.com/shariah-reports/,"[""LDO""]",LDO
QUEUED,Staked Ether,"Status observed on Fasset's public Shariah Reports page. Detailed source fields must be fetched, verified and attributed separately.",Fasset,False,STETH,Shariah Compliant,True,FASSET_SHARIAH_REPORTS,ELIGIBLE_EXTERNAL_REFERENCE,PENDING_ADMIN_REVIEW,2026-07-24,FETCH_AND_VERIFY_FROM_SOURCE_BEFORE_PUBLICATION,"{""platform_purpose"": null, ""token_utility"": null, ""data_structure"": null, ""smart_contract_capability"": null, ""transaction_validation"": null, ""consensus_mechanism"": null, ""governance_model"": null, ""tokenomics"": null, ""verdict_protocol_use"": null, ""verdict_token_use"": null, ""verdict_riba"": null, ""verdict_other_impermissibilities"": null}",FASSET-057-staked-ether,https://www.fasset.com/shariah-reports/,"[""STETH""]",STETH
QUEUED,Rocket Pool ETH,"Status observed on Fasset's public Shariah Reports page. Detailed source fields must be fetched, verified and attributed separately.",Fasset,False,RETH,Shariah Compliant,True,FASSET_SHARIAH_REPORTS,ELIGIBLE_EXTERNAL_REFERENCE,PENDING_ADMIN_REVIEW,2026-07-24,FETCH_AND_VERIFY_FROM_SOURCE_BEFORE_PUBLICATION,"{""platform_purpose"": null, ""token_utility"": null, ""data_structure"": null, ""smart_contract_capability"": null, ""transaction_validation"": null, ""consensus_mechanism"": null, ""governance_model"": null, ""tokenomics"": null, ""verdict_protocol_use"": null, ""verdict_token_use"": null, ""verdict_riba"": null, ""verdict_other_impermissibilities"": null}",FASSET-058-rocket-pool-eth,https://www.fasset.com/shariah-reports/,"[""RETH""]",RETH
QUEUED,Frax,"Status observed on Fasset's public Shariah Reports page. Detailed source fields must be fetched, verified and attributed separately.",Fasset,False,FRAX,Shariah Compliant,True,FASSET_SHARIAH_REPORTS,ELIGIBLE_EXTERNAL_REFERENCE,PENDING_ADMIN_REVIEW,2026-07-24,FETCH_AND_VERIFY_FROM_SOURCE_BEFORE_PUBLICATION,"{""platform_purpose"": null, ""token_utility"": null, ""data_structure"": null, ""smart_contract_capability"": null, ""transaction_validation"": null, ""consensus_mechanism"": null, ""governance_model"": null, ""tokenomics"": null, ""verdict_protocol_use"": null, ""verdict_token_use"": null, ""verdict_riba"": null, ""verdict_other_impermissibilities"": null}",FASSET-059-frax,https://www.fasset.com/shariah-reports/,"[""FRAX""]",FRAX
QUEUED,Frax Share,"Status observed on Fasset's public Shariah Reports page. Detailed source fields must be fetched, verified and attributed separately.",Fasset,False,FXS,Shariah Compliant,True,FASSET_SHARIAH_REPORTS,ELIGIBLE_EXTERNAL_REFERENCE,PENDING_ADMIN_REVIEW,2026-07-24,FETCH_AND_VERIFY_FROM_SOURCE_BEFORE_PUBLICATION,"{""platform_purpose"": null, ""token_utility"": null, ""data_structure"": null, ""smart_contract_capability"": null, ""transaction_validation"": null, ""consensus_mechanism"": null, ""governance_model"": null, ""tokenomics"": null, ""verdict_protocol_use"": null, ""verdict_token_use"": null, ""verdict_riba"": null, ""verdict_other_impermissibilities"": null}",FASSET-060-frax-share,https://www.fasset.com/shariah-reports/,"[""FXS""]",FXS
QUEUED,Aptos,"Status observed on Fasset's public Shariah Reports page. Detailed source fields must be fetched, verified and attributed separately.",Fasset,False,APT,Shariah Compliant,True,FASSET_SHARIAH_REPORTS,ELIGIBLE_EXTERNAL_REFERENCE,PENDING_ADMIN_REVIEW,2026-07-24,FETCH_AND_VERIFY_FROM_SOURCE_BEFORE_PUBLICATION,"{""platform_purpose"": null, ""token_utility"": null, ""data_structure"": null, ""smart_contract_capability"": null, ""transaction_validation"": null, ""consensus_mechanism"": null, ""governance_model"": null, ""tokenomics"": null, ""verdict_protocol_use"": null, ""verdict_token_use"": null, ""verdict_riba"": null, ""verdict_other_impermissibilities"": null}",FASSET-061-aptos,https://www.fasset.com/shariah-reports/,"[""APT""]",APT
QUEUED,Arbitrum,"Status observed on Fasset's public Shariah Reports page. Detailed source fields must be fetched, verified and attributed separately.",Fasset,False,ARB,Shariah Compliant,True,FASSET_SHARIAH_REPORTS,ELIGIBLE_EXTERNAL_REFERENCE,PENDING_ADMIN_REVIEW,2026-07-24,FETCH_AND_VERIFY_FROM_SOURCE_BEFORE_PUBLICATION,"{""platform_purpose"": null, ""token_utility"": null, ""data_structure"": null, ""smart_contract_capability"": null, ""transaction_validation"": null, ""consensus_mechanism"": null, ""governance_model"": null, ""tokenomics"": null, ""verdict_protocol_use"": null, ""verdict_token_use"": null, ""verdict_riba"": null, ""verdict_other_impermissibilities"": null}",FASSET-062-arbitrum,https://www.fasset.com/shariah-reports/,"[""ARB""]",ARB
QUEUED,Optimism,"Status observed on Fasset's public Shariah Reports page. Detailed source fields must be fetched, verified and attributed separately.",Fasset,False,OP,Shariah Compliant,True,FASSET_SHARIAH_REPORTS,ELIGIBLE_EXTERNAL_REFERENCE,PENDING_ADMIN_REVIEW,2026-07-24,FETCH_AND_VERIFY_FROM_SOURCE_BEFORE_PUBLICATION,"{""platform_purpose"": null, ""token_utility"": null, ""data_structure"": null, ""smart_contract_capability"": null, ""transaction_validation"": null, ""consensus_mechanism"": null, ""governance_model"": null, ""tokenomics"": null, ""verdict_protocol_use"": null, ""verdict_token_use"": null, ""verdict_riba"": null, ""verdict_other_impermissibilities"": null}",FASSET-063-optimism,https://www.fasset.com/shariah-reports/,"[""OP""]",OP
QUEUED,Celestia,"Status observed on Fasset's public Shariah Reports page. Detailed source fields must be fetched, verified and attributed separately.",Fasset,False,TIA,Shariah Compliant,True,FASSET_SHARIAH_REPORTS,ELIGIBLE_EXTERNAL_REFERENCE,PENDING_ADMIN_REVIEW,2026-07-24,FETCH_AND_VERIFY_FROM_SOURCE_BEFORE_PUBLICATION,"{""platform_purpose"": null, ""token_utility"": null, ""data_structure"": null, ""smart_contract_capability"": null, ""transaction_validation"": null, ""consensus_mechanism"": null, ""governance_model"": null, ""tokenomics"": null, ""verdict_protocol_use"": null, ""verdict_token_use"": null, ""verdict_riba"": null, ""verdict_other_impermissibilities"": null}",FASSET-064-celestia,https://www.fasset.com/shariah-reports/,"[""TIA""]",TIA
QUEUED,Immutable,"Status observed on Fasset's public Shariah Reports page. Detailed source fields must be fetched, verified and attributed separately.",Fasset,False,IMX,Shariah Compliant,True,FASSET_SHARIAH_REPORTS,ELIGIBLE_EXTERNAL_REFERENCE,PENDING_ADMIN_REVIEW,2026-07-24,FETCH_AND_VERIFY_FROM_SOURCE_BEFORE_PUBLICATION,"{""platform_purpose"": null, ""token_utility"": null, ""data_structure"": null, ""smart_contract_capability"": null, ""transaction_validation"": null, ""consensus_mechanism"": null, ""governance_model"": null, ""tokenomics"": null, ""verdict_protocol_use"": null, ""verdict_token_use"": null, ""verdict_riba"": null, ""verdict_other_impermissibilities"": null}",FASSET-065-immutable,https://www.fasset.com/shariah-reports/,"[""IMX""]",IMX
QUEUED,THORChain,"Status observed on Fasset's public Shariah Reports page. Detailed source fields must be fetched, verified and attributed separately.",Fasset,False,RUNE,Shariah Compliant,True,FASSET_SHARIAH_REPORTS,ELIGIBLE_EXTERNAL_REFERENCE,PENDING_ADMIN_REVIEW,2026-07-24,FETCH_AND_VERIFY_FROM_SOURCE_BEFORE_PUBLICATION,"{""platform_purpose"": null, ""token_utility"": null, ""data_structure"": null, ""smart_contract_capability"": null, ""transaction_validation"": null, ""consensus_mechanism"": null, ""governance_model"": null, ""tokenomics"": null, ""verdict_protocol_use"": null, ""verdict_token_use"": null, ""verdict_riba"": null, ""verdict_other_impermissibilities"": null}",FASSET-066-thorchain,https://www.fasset.com/shariah-reports/,"[""RUNE""]",RUNE
QUEUED,Quant,"Status observed on Fasset's public Shariah Reports page. Detailed source fields must be fetched, verified and attributed separately.",Fasset,False,QNT,Shariah Compliant,True,FASSET_SHARIAH_REPORTS,ELIGIBLE_EXTERNAL_REFERENCE,PENDING_ADMIN_REVIEW,2026-07-24,FETCH_AND_VERIFY_FROM_SOURCE_BEFORE_PUBLICATION,"{""platform_purpose"": null, ""token_utility"": null, ""data_structure"": null, ""smart_contract_capability"": null, ""transaction_validation"": null, ""consensus_mechanism"": null, ""governance_model"": null, ""tokenomics"": null, ""verdict_protocol_use"": null, ""verdict_token_use"": null, ""verdict_riba"": null, ""verdict_other_impermissibilities"": null}",FASSET-067-quant,https://www.fasset.com/shariah-reports/,"[""QNT""]",QNT
QUEUED,Curve DAO,"Status observed on Fasset's public Shariah Reports page. Detailed source fields must be fetched, verified and attributed separately.",Fasset,False,CRV,Shariah Compliant,True,FASSET_SHARIAH_REPORTS,ELIGIBLE_EXTERNAL_REFERENCE,PENDING_ADMIN_REVIEW,2026-07-24,FETCH_AND_VERIFY_FROM_SOURCE_BEFORE_PUBLICATION,"{""platform_purpose"": null, ""token_utility"": null, ""data_structure"": null, ""smart_contract_capability"": null, ""transaction_validation"": null, ""consensus_mechanism"": null, ""governance_model"": null, ""tokenomics"": null, ""verdict_protocol_use"": null, ""verdict_token_use"": null, ""verdict_riba"": null, ""verdict_other_impermissibilities"": null}",FASSET-068-curve-dao,https://www.fasset.com/shariah-reports/,"[""CRV""]",CRV
QUEUED,PancakeSwap,"Status observed on Fasset's public Shariah Reports page. Detailed source fields must be fetched, verified and attributed separately.",Fasset,False,CAKE,Shariah Compliant,True,FASSET_SHARIAH_REPORTS,ELIGIBLE_EXTERNAL_REFERENCE,PENDING_ADMIN_REVIEW,2026-07-24,FETCH_AND_VERIFY_FROM_SOURCE_BEFORE_PUBLICATION,"{""platform_purpose"": null, ""token_utility"": null, ""data_structure"": null, ""smart_contract_capability"": null, ""transaction_validation"": null, ""consensus_mechanism"": null, ""governance_model"": null, ""tokenomics"": null, ""verdict_protocol_use"": null, ""verdict_token_use"": null, ""verdict_riba"": null, ""verdict_other_impermissibilities"": null}",FASSET-069-pancakeswap,https://www.fasset.com/shariah-reports/,"[""CAKE""]",CAKE
QUEUED,1inch,"Status observed on Fasset's public Shariah Reports page. Detailed source fields must be fetched, verified and attributed separately.",Fasset,False,1INCH,Shariah Compliant,True,FASSET_SHARIAH_REPORTS,ELIGIBLE_EXTERNAL_REFERENCE,PENDING_ADMIN_REVIEW,2026-07-24,FETCH_AND_VERIFY_FROM_SOURCE_BEFORE_PUBLICATION,"{""platform_purpose"": null, ""token_utility"": null, ""data_structure"": null, ""smart_contract_capability"": null, ""transaction_validation"": null, ""consensus_mechanism"": null, ""governance_model"": null, ""tokenomics"": null, ""verdict_protocol_use"": null, ""verdict_token_use"": null, ""verdict_riba"": null, ""verdict_other_impermissibilities"": null}",FASSET-070-1inch,https://www.fasset.com/shariah-reports/,"[""1INCH""]",1INCH
QUEUED,Lido Staked SOL,"Status observed on Fasset's public Shariah Reports page. Detailed source fields must be fetched, verified and attributed separately.",Fasset,False,STSOL,Shariah Compliant,True,FASSET_SHARIAH_REPORTS,ELIGIBLE_EXTERNAL_REFERENCE,PENDING_ADMIN_REVIEW,2026-07-24,FETCH_AND_VERIFY_FROM_SOURCE_BEFORE_PUBLICATION,"{""platform_purpose"": null, ""token_utility"": null, ""data_structure"": null, ""smart_contract_capability"": null, ""transaction_validation"": null, ""consensus_mechanism"": null, ""governance_model"": null, ""tokenomics"": null, ""verdict_protocol_use"": null, ""verdict_token_use"": null, ""verdict_riba"": null, ""verdict_other_impermissibilities"": null}",FASSET-071-lido-staked-sol,https://www.fasset.com/shariah-reports/,"[""STSOL""]",STSOL
QUEUED,Jupiter,"Status observed on Fasset's public Shariah Reports page. Detailed source fields must be fetched, verified and attributed separately.",Fasset,False,JUP,Shariah Compliant,True,FASSET_SHARIAH_REPORTS,ELIGIBLE_EXTERNAL_REFERENCE,PENDING_ADMIN_REVIEW,2026-07-24,FETCH_AND_VERIFY_FROM_SOURCE_BEFORE_PUBLICATION,"{""platform_purpose"": null, ""token_utility"": null, ""data_structure"": null, ""smart_contract_capability"": null, ""transaction_validation"": null, ""consensus_mechanism"": null, ""governance_model"": null, ""tokenomics"": null, ""verdict_protocol_use"": null, ""verdict_token_use"": null, ""verdict_riba"": null, ""verdict_other_impermissibilities"": null}",FASSET-072-jupiter,https://www.fasset.com/shariah-reports/,"[""JUP""]",JUP
QUEUED,Helium,"Status observed on Fasset's public Shariah Reports page. Detailed source fields must be fetched, verified and attributed separately.",Fasset,False,HNT,Shariah Compliant,True,FASSET_SHARIAH_REPORTS,ELIGIBLE_EXTERNAL_REFERENCE,PENDING_ADMIN_REVIEW,2026-07-24,FETCH_AND_VERIFY_FROM_SOURCE_BEFORE_PUBLICATION,"{""platform_purpose"": null, ""token_utility"": null, ""data_structure"": null, ""smart_contract_capability"": null, ""transaction_validation"": null, ""consensus_mechanism"": null, ""governance_model"": null, ""tokenomics"": null, ""verdict_protocol_use"": null, ""verdict_token_use"": null, ""verdict_riba"": null, ""verdict_other_impermissibilities"": null}",FASSET-073-helium,https://www.fasset.com/shariah-reports/,"[""HNT""]",HNT
QUEUED,Theta Network,"Status observed on Fasset's public Shariah Reports page. Detailed source fields must be fetched, verified and attributed separately.",Fasset,False,THETA,Shariah Compliant,True,FASSET_SHARIAH_REPORTS,ELIGIBLE_EXTERNAL_REFERENCE,PENDING_ADMIN_REVIEW,2026-07-24,FETCH_AND_VERIFY_FROM_SOURCE_BEFORE_PUBLICATION,"{""platform_purpose"": null, ""token_utility"": null, ""data_structure"": null, ""smart_contract_capability"": null, ""transaction_validation"": null, ""consensus_mechanism"": null, ""governance_model"": null, ""tokenomics"": null, ""verdict_protocol_use"": null, ""verdict_token_use"": null, ""verdict_riba"": null, ""verdict_other_impermissibilities"": null}",FASSET-074-theta-network,https://www.fasset.com/shariah-reports/,"[""THETA""]",THETA
QUEUED,Near Protocol,"Status observed on Fasset's public Shariah Reports page. Detailed source fields must be fetched, verified and attributed separately.",Fasset,False,NEAR,Shariah Compliant,True,FASSET_SHARIAH_REPORTS,ELIGIBLE_EXTERNAL_REFERENCE,PENDING_ADMIN_REVIEW,2026-07-24,FETCH_AND_VERIFY_FROM_SOURCE_BEFORE_PUBLICATION,"{""platform_purpose"": null, ""token_utility"": null, ""data_structure"": null, ""smart_contract_capability"": null, ""transaction_validation"": null, ""consensus_mechanism"": null, ""governance_model"": null, ""tokenomics"": null, ""verdict_protocol_use"": null, ""verdict_token_use"": null, ""verdict_riba"": null, ""verdict_other_impermissibilities"": null}",FASSET-075-near-protocol,https://www.fasset.com/shariah-reports/,"[""NEAR""]",NEAR
QUEUED,Kusama,"Status observed on Fasset's public Shariah Reports page. Detailed source fields must be fetched, verified and attributed separately.",Fasset,False,KSM,Shariah Compliant,True,FASSET_SHARIAH_REPORTS,ELIGIBLE_EXTERNAL_REFERENCE,PENDING_ADMIN_REVIEW,2026-07-24,FETCH_AND_VERIFY_FROM_SOURCE_BEFORE_PUBLICATION,"{""platform_purpose"": null, ""token_utility"": null, ""data_structure"": null, ""smart_contract_capability"": null, ""transaction_validation"": null, ""consensus_mechanism"": null, ""governance_model"": null, ""tokenomics"": null, ""verdict_protocol_use"": null, ""verdict_token_use"": null, ""verdict_riba"": null, ""verdict_other_impermissibilities"": null}",FASSET-076-kusama,https://www.fasset.com/shariah-reports/,"[""KSM""]",KSM
QUEUED,Fantom,"Status observed on Fasset's public Shariah Reports page. Detailed source fields must be fetched, verified and attributed separately.",Fasset,False,FTM,Shariah Compliant,True,FASSET_SHARIAH_REPORTS,ELIGIBLE_EXTERNAL_REFERENCE,PENDING_ADMIN_REVIEW,2026-07-24,FETCH_AND_VERIFY_FROM_SOURCE_BEFORE_PUBLICATION,"{""platform_purpose"": null, ""token_utility"": null, ""data_structure"": null, ""smart_contract_capability"": null, ""transaction_validation"": null, ""consensus_mechanism"": null, ""governance_model"": null, ""tokenomics"": null, ""verdict_protocol_use"": null, ""verdict_token_use"": null, ""verdict_riba"": null, ""verdict_other_impermissibilities"": null}",FASSET-077-fantom,https://www.fasset.com/shariah-reports/,"[""FTM""]",FTM
QUEUED,Sonic,"Status observed on Fasset's public Shariah Reports page. Detailed source fields must be fetched, verified and attributed separately.",Fasset,False,S,Shariah Compliant,True,FASSET_SHARIAH_REPORTS,ELIGIBLE_EXTERNAL_REFERENCE,PENDING_ADMIN_REVIEW,2026-07-24,FETCH_AND_VERIFY_FROM_SOURCE_BEFORE_PUBLICATION,"{""platform_purpose"": null, ""token_utility"": null, ""data_structure"": null, ""smart_contract_capability"": null, ""transaction_validation"": null, ""consensus_mechanism"": null, ""governance_model"": null, ""tokenomics"": null, ""verdict_protocol_use"": null, ""verdict_token_use"": null, ""verdict_riba"": null, ""verdict_other_impermissibilities"": null}",FASSET-078-sonic,https://www.fasset.com/shariah-reports/,"[""S""]",S
QUEUED,Astar,"Status observed on Fasset's public Shariah Reports page. Detailed source fields must be fetched, verified and attributed separately.",Fasset,False,ASTR,Shariah Compliant,True,FASSET_SHARIAH_REPORTS,ELIGIBLE_EXTERNAL_REFERENCE,PENDING_ADMIN_REVIEW,2026-07-24,FETCH_AND_VERIFY_FROM_SOURCE_BEFORE_PUBLICATION,"{""platform_purpose"": null, ""token_utility"": null, ""data_structure"": null, ""smart_contract_capability"": null, ""transaction_validation"": null, ""consensus_mechanism"": null, ""governance_model"": null, ""tokenomics"": null, ""verdict_protocol_use"": null, ""verdict_token_use"": null, ""verdict_riba"": null, ""verdict_other_impermissibilities"": null}",FASSET-079-astar,https://www.fasset.com/shariah-reports/,"[""ASTR""]",ASTR
QUEUED,Bitcoin SV,"Status observed on Fasset's public Shariah Reports page. Detailed source fields must be fetched, verified and attributed separately.",Fasset,False,BSV,Shariah Compliant,True,FASSET_SHARIAH_REPORTS,ELIGIBLE_EXTERNAL_REFERENCE,PENDING_ADMIN_REVIEW,2026-07-24,FETCH_AND_VERIFY_FROM_SOURCE_BEFORE_PUBLICATION,"{""platform_purpose"": null, ""token_utility"": null, ""data_structure"": null, ""smart_contract_capability"": null, ""transaction_validation"": null, ""consensus_mechanism"": null, ""governance_model"": null, ""tokenomics"": null, ""verdict_protocol_use"": null, ""verdict_token_use"": null, ""verdict_riba"": null, ""verdict_other_impermissibilities"": null}",FASSET-080-bitcoin-sv,https://www.fasset.com/shariah-reports/,"[""BSV""]",BSV
QUEUED,Bitcoin Gold,"Status observed on Fasset's public Shariah Reports page. Detailed source fields must be fetched, verified and attributed separately.",Fasset,False,BTG,Shariah Compliant,True,FASSET_SHARIAH_REPORTS,ELIGIBLE_EXTERNAL_REFERENCE,PENDING_ADMIN_REVIEW,2026-07-24,FETCH_AND_VERIFY_FROM_SOURCE_BEFORE_PUBLICATION,"{""platform_purpose"": null, ""token_utility"": null, ""data_structure"": null, ""smart_contract_capability"": null, ""transaction_validation"": null, ""consensus_mechanism"": null, ""governance_model"": null, ""tokenomics"": null, ""verdict_protocol_use"": null, ""verdict_token_use"": null, ""verdict_riba"": null, ""verdict_other_impermissibilities"": null}",FASSET-081-bitcoin-gold,https://www.fasset.com/shariah-reports/,"[""BTG""]",BTG
QUEUED,Dash,"Status observed on Fasset's public Shariah Reports page. Detailed source fields must be fetched, verified and attributed separately.",Fasset,False,DASH,Shariah Compliant,True,FASSET_SHARIAH_REPORTS,ELIGIBLE_EXTERNAL_REFERENCE,PENDING_ADMIN_REVIEW,2026-07-24,FETCH_AND_VERIFY_FROM_SOURCE_BEFORE_PUBLICATION,"{""platform_purpose"": null, ""token_utility"": null, ""data_structure"": null, ""smart_contract_capability"": null, ""transaction_validation"": null, ""consensus_mechanism"": null, ""governance_model"": null, ""tokenomics"": null, ""verdict_protocol_use"": null, ""verdict_token_use"": null, ""verdict_riba"": null, ""verdict_other_impermissibilities"": null}",FASSET-082-dash,https://www.fasset.com/shariah-reports/,"[""DASH""]",DASH
QUEUED,Zilliqa,"Status observed on Fasset's public Shariah Reports page. Detailed source fields must be fetched, verified and attributed separately.",Fasset,False,ZIL,Shariah Compliant,True,FASSET_SHARIAH_REPORTS,ELIGIBLE_EXTERNAL_REFERENCE,PENDING_ADMIN_REVIEW,2026-07-24,FETCH_AND_VERIFY_FROM_SOURCE_BEFORE_PUBLICATION,"{""platform_purpose"": null, ""token_utility"": null, ""data_structure"": null, ""smart_contract_capability"": null, ""transaction_validation"": null, ""consensus_mechanism"": null, ""governance_model"": null, ""tokenomics"": null, ""verdict_protocol_use"": null, ""verdict_token_use"": null, ""verdict_riba"": null, ""verdict_other_impermissibilities"": null}",FASSET-083-zilliqa,https://www.fasset.com/shariah-reports/,"[""ZIL""]",ZIL
QUEUED,Osmosis,"Status observed on Fasset's public Shariah Reports page. Detailed source fields must be fetched, verified and attributed separately.",Fasset,False,OSMO,Shariah Compliant,True,FASSET_SHARIAH_REPORTS,ELIGIBLE_EXTERNAL_REFERENCE,PENDING_ADMIN_REVIEW,2026-07-24,FETCH_AND_VERIFY_FROM_SOURCE_BEFORE_PUBLICATION,"{""platform_purpose"": null, ""token_utility"": null, ""data_structure"": null, ""smart_contract_capability"": null, ""transaction_validation"": null, ""consensus_mechanism"": null, ""governance_model"": null, ""tokenomics"": null, ""verdict_protocol_use"": null, ""verdict_token_use"": null, ""verdict_riba"": null, ""verdict_other_impermissibilities"": null}",FASSET-084-osmosis,https://www.fasset.com/shariah-reports/,"[""OSMO""]",OSMO
QUEUED,Sei,"Status observed on Fasset's public Shariah Reports page. Detailed source fields must be fetched, verified and attributed separately.",Fasset,False,SEI,Shariah Compliant,True,FASSET_SHARIAH_REPORTS,ELIGIBLE_EXTERNAL_REFERENCE,PENDING_ADMIN_REVIEW,2026-07-24,FETCH_AND_VERIFY_FROM_SOURCE_BEFORE_PUBLICATION,"{""platform_purpose"": null, ""token_utility"": null, ""data_structure"": null, ""smart_contract_capability"": null, ""transaction_validation"": null, ""consensus_mechanism"": null, ""governance_model"": null, ""tokenomics"": null, ""verdict_protocol_use"": null, ""verdict_token_use"": null, ""verdict_riba"": null, ""verdict_other_impermissibilities"": null}",FASSET-085-sei,https://www.fasset.com/shariah-reports/,"[""SEI""]",SEI
QUEUED,Arweave,"Status observed on Fasset's public Shariah Reports page. Detailed source fields must be fetched, verified and attributed separately.",Fasset,False,AR,Shariah Compliant,True,FASSET_SHARIAH_REPORTS,ELIGIBLE_EXTERNAL_REFERENCE,PENDING_ADMIN_REVIEW,2026-07-24,FETCH_AND_VERIFY_FROM_SOURCE_BEFORE_PUBLICATION,"{""platform_purpose"": null, ""token_utility"": null, ""data_structure"": null, ""smart_contract_capability"": null, ""transaction_validation"": null, ""consensus_mechanism"": null, ""governance_model"": null, ""tokenomics"": null, ""verdict_protocol_use"": null, ""verdict_token_use"": null, ""verdict_riba"": null, ""verdict_other_impermissibilities"": null}",FASSET-086-arweave,https://www.fasset.com/shariah-reports/,"[""AR""]",AR
QUEUED,Akash Network,"Status observed on Fasset's public Shariah Reports page. Detailed source fields must be fetched, verified and attributed separately.",Fasset,False,AKT,Shariah Compliant,True,FASSET_SHARIAH_REPORTS,ELIGIBLE_EXTERNAL_REFERENCE,PENDING_ADMIN_REVIEW,2026-07-24,FETCH_AND_VERIFY_FROM_SOURCE_BEFORE_PUBLICATION,"{""platform_purpose"": null, ""token_utility"": null, ""data_structure"": null, ""smart_contract_capability"": null, ""transaction_validation"": null, ""consensus_mechanism"": null, ""governance_model"": null, ""tokenomics"": null, ""verdict_protocol_use"": null, ""verdict_token_use"": null, ""verdict_riba"": null, ""verdict_other_impermissibilities"": null}",FASSET-087-akash-network,https://www.fasset.com/shariah-reports/,"[""AKT""]",AKT
QUEUED,Storj,"Status observed on Fasset's public Shariah Reports page. Detailed source fields must be fetched, verified and attributed separately.",Fasset,False,STORJ,Shariah Compliant,True,FASSET_SHARIAH_REPORTS,ELIGIBLE_EXTERNAL_REFERENCE,PENDING_ADMIN_REVIEW,2026-07-24,FETCH_AND_VERIFY_FROM_SOURCE_BEFORE_PUBLICATION,"{""platform_purpose"": null, ""token_utility"": null, ""data_structure"": null, ""smart_contract_capability"": null, ""transaction_validation"": null, ""consensus_mechanism"": null, ""governance_model"": null, ""tokenomics"": null, ""verdict_protocol_use"": null, ""verdict_token_use"": null, ""verdict_riba"": null, ""verdict_other_impermissibilities"": null}",FASSET-088-storj,https://www.fasset.com/shariah-reports/,"[""STORJ""]",STORJ
QUEUED,Siacoin,"Status observed on Fasset's public Shariah Reports page. Detailed source fields must be fetched, verified and attributed separately.",Fasset,False,SC,Shariah Compliant,True,FASSET_SHARIAH_REPORTS,ELIGIBLE_EXTERNAL_REFERENCE,PENDING_ADMIN_REVIEW,2026-07-24,FETCH_AND_VERIFY_FROM_SOURCE_BEFORE_PUBLICATION,"{""platform_purpose"": null, ""token_utility"": null, ""data_structure"": null, ""smart_contract_capability"": null, ""transaction_validation"": null, ""consensus_mechanism"": null, ""governance_model"": null, ""tokenomics"": null, ""verdict_protocol_use"": null, ""verdict_token_use"": null, ""verdict_riba"": null, ""verdict_other_impermissibilities"": null}",FASSET-089-siacoin,https://www.fasset.com/shariah-reports/,"[""SC""]",SC
QUEUED,Gala,"Status observed on Fasset's public Shariah Reports page. Detailed source fields must be fetched, verified and attributed separately.",Fasset,False,GALA,Shariah Compliant,True,FASSET_SHARIAH_REPORTS,ELIGIBLE_EXTERNAL_REFERENCE,PENDING_ADMIN_REVIEW,2026-07-24,FETCH_AND_VERIFY_FROM_SOURCE_BEFORE_PUBLICATION,"{""platform_purpose"": null, ""token_utility"": null, ""data_structure"": null, ""smart_contract_capability"": null, ""transaction_validation"": null, ""consensus_mechanism"": null, ""governance_model"": null, ""tokenomics"": null, ""verdict_protocol_use"": null, ""verdict_token_use"": null, ""verdict_riba"": null, ""verdict_other_impermissibilities"": null}",FASSET-090-gala,https://www.fasset.com/shariah-reports/,"[""GALA""]",GALA
QUEUED,ApeCoin,"Status observed on Fasset's public Shariah Reports page. Detailed source fields must be fetched, verified and attributed separately.",Fasset,False,APE,Shariah Compliant,True,FASSET_SHARIAH_REPORTS,ELIGIBLE_EXTERNAL_REFERENCE,PENDING_ADMIN_REVIEW,2026-07-24,FETCH_AND_VERIFY_FROM_SOURCE_BEFORE_PUBLICATION,"{""platform_purpose"": null, ""token_utility"": null, ""data_structure"": null, ""smart_contract_capability"": null, ""transaction_validation"": null, ""consensus_mechanism"": null, ""governance_model"": null, ""tokenomics"": null, ""verdict_protocol_use"": null, ""verdict_token_use"": null, ""verdict_riba"": null, ""verdict_other_impermissibilities"": null}",FASSET-091-apecoin,https://www.fasset.com/shariah-reports/,"[""APE""]",APE
QUEUED,Axie Infinity,"Status observed on Fasset's public Shariah Reports page. Detailed source fields must be fetched, verified and attributed separately.",Fasset,False,AXS,Shariah Compliant,True,FASSET_SHARIAH_REPORTS,ELIGIBLE_EXTERNAL_REFERENCE,PENDING_ADMIN_REVIEW,2026-07-24,FETCH_AND_VERIFY_FROM_SOURCE_BEFORE_PUBLICATION,"{""platform_purpose"": null, ""token_utility"": null, ""data_structure"": null, ""smart_contract_capability"": null, ""transaction_validation"": null, ""consensus_mechanism"": null, ""governance_model"": null, ""tokenomics"": null, ""verdict_protocol_use"": null, ""verdict_token_use"": null, ""verdict_riba"": null, ""verdict_other_impermissibilities"": null}",FASSET-092-axie-infinity,https://www.fasset.com/shariah-reports/,"[""AXS""]",AXS
QUEUED,Ronin,"Status observed on Fasset's public Shariah Reports page. Detailed source fields must be fetched, verified and attributed separately.",Fasset,False,RON,Shariah Compliant,True,FASSET_SHARIAH_REPORTS,ELIGIBLE_EXTERNAL_REFERENCE,PENDING_ADMIN_REVIEW,2026-07-24,FETCH_AND_VERIFY_FROM_SOURCE_BEFORE_PUBLICATION,"{""platform_purpose"": null, ""token_utility"": null, ""data_structure"": null, ""smart_contract_capability"": null, ""transaction_validation"": null, ""consensus_mechanism"": null, ""governance_model"": null, ""tokenomics"": null, ""verdict_protocol_use"": null, ""verdict_token_use"": null, ""verdict_riba"": null, ""verdict_other_impermissibilities"": null}",FASSET-093-ronin,https://www.fasset.com/shariah-reports/,"[""RON""]",RON
QUEUED,The Sandbox,"Status observed on Fasset's public Shariah Reports page. Detailed source fields must be fetched, verified and attributed separately.",Fasset,False,SAND,Shariah Compliant,True,FASSET_SHARIAH_REPORTS,ELIGIBLE_EXTERNAL_REFERENCE,PENDING_ADMIN_REVIEW,2026-07-24,FETCH_AND_VERIFY_FROM_SOURCE_BEFORE_PUBLICATION,"{""platform_purpose"": null, ""token_utility"": null, ""data_structure"": null, ""smart_contract_capability"": null, ""transaction_validation"": null, ""consensus_mechanism"": null, ""governance_model"": null, ""tokenomics"": null, ""verdict_protocol_use"": null, ""verdict_token_use"": null, ""verdict_riba"": null, ""verdict_other_impermissibilities"": null}",FASSET-094-the-sandbox,https://www.fasset.com/shariah-reports/,"[""SAND""]",SAND
QUEUED,Decentraland,"Status observed on Fasset's public Shariah Reports page. Detailed source fields must be fetched, verified and attributed separately.",Fasset,False,MANA,Shariah Compliant,True,FASSET_SHARIAH_REPORTS,ELIGIBLE_EXTERNAL_REFERENCE,PENDING_ADMIN_REVIEW,2026-07-24,FETCH_AND_VERIFY_FROM_SOURCE_BEFORE_PUBLICATION,"{""platform_purpose"": null, ""token_utility"": null, ""data_structure"": null, ""smart_contract_capability"": null, ""transaction_validation"": null, ""consensus_mechanism"": null, ""governance_model"": null, ""tokenomics"": null, ""verdict_protocol_use"": null, ""verdict_token_use"": null, ""verdict_riba"": null, ""verdict_other_impermissibilities"": null}",FASSET-095-decentraland,https://www.fasset.com/shariah-reports/,"[""MANA""]",MANA
QUEUED,Enjin Coin,"Status observed on Fasset's public Shariah Reports page. Detailed source fields must be fetched, verified and attributed separately.",Fasset,False,ENJ,Shariah Compliant,True,FASSET_SHARIAH_REPORTS,ELIGIBLE_EXTERNAL_REFERENCE,PENDING_ADMIN_REVIEW,2026-07-24,FETCH_AND_VERIFY_FROM_SOURCE_BEFORE_PUBLICATION,"{""platform_purpose"": null, ""token_utility"": null, ""data_structure"": null, ""smart_contract_capability"": null, ""transaction_validation"": null, ""consensus_mechanism"": null, ""governance_model"": null, ""tokenomics"": null, ""verdict_protocol_use"": null, ""verdict_token_use"": null, ""verdict_riba"": null, ""verdict_other_impermissibilities"": null}",FASSET-096-enjin-coin,https://www.fasset.com/shariah-reports/,"[""ENJ""]",ENJ
QUEUED,Chiliz,"Status observed on Fasset's public Shariah Reports page. Detailed source fields must be fetched, verified and attributed separately.",Fasset,False,CHZ,Shariah Compliant,True,FASSET_SHARIAH_REPORTS,ELIGIBLE_EXTERNAL_REFERENCE,PENDING_ADMIN_REVIEW,2026-07-24,FETCH_AND_VERIFY_FROM_SOURCE_BEFORE_PUBLICATION,"{""platform_purpose"": null, ""token_utility"": null, ""data_structure"": null, ""smart_contract_capability"": null, ""transaction_validation"": null, ""consensus_mechanism"": null, ""governance_model"": null, ""tokenomics"": null, ""verdict_protocol_use"": null, ""verdict_token_use"": null, ""verdict_riba"": null, ""verdict_other_impermissibilities"": null}",FASSET-097-chiliz,https://www.fasset.com/shariah-reports/,"[""CHZ""]",CHZ
QUEUED,Flow,"Status observed on Fasset's public Shariah Reports page. Detailed source fields must be fetched, verified and attributed separately.",Fasset,False,FLOW,Shariah Compliant,True,FASSET_SHARIAH_REPORTS,ELIGIBLE_EXTERNAL_REFERENCE,PENDING_ADMIN_REVIEW,2026-07-24,FETCH_AND_VERIFY_FROM_SOURCE_BEFORE_PUBLICATION,"{""platform_purpose"": null, ""token_utility"": null, ""data_structure"": null, ""smart_contract_capability"": null, ""transaction_validation"": null, ""consensus_mechanism"": null, ""governance_model"": null, ""tokenomics"": null, ""verdict_protocol_use"": null, ""verdict_token_use"": null, ""verdict_riba"": null, ""verdict_other_impermissibilities"": null}",FASSET-098-flow,https://www.fasset.com/shariah-reports/,"[""FLOW""]",FLOW
QUEUED,Notcoin,"Status observed on Fasset's public Shariah Reports page. Detailed source fields must be fetched, verified and attributed separately.",Fasset,False,NOT,Shariah Compliant,True,FASSET_SHARIAH_REPORTS,ELIGIBLE_EXTERNAL_REFERENCE,PENDING_ADMIN_REVIEW,2026-07-24,FETCH_AND_VERIFY_FROM_SOURCE_BEFORE_PUBLICATION,"{""platform_purpose"": null, ""token_utility"": null, ""data_structure"": null, ""smart_contract_capability"": null, ""transaction_validation"": null, ""consensus_mechanism"": null, ""governance_model"": null, ""tokenomics"": null, ""verdict_protocol_use"": null, ""verdict_token_use"": null, ""verdict_riba"": null, ""verdict_other_impermissibilities"": null}",FASSET-099-notcoin,https://www.fasset.com/shariah-reports/,"[""NOT""]",NOT
QUEUED,Toncoin,"Status observed on Fasset's public Shariah Reports page. Detailed source fields must be fetched, verified and attributed separately.",Fasset,False,TON,Shariah Compliant,True,FASSET_SHARIAH_REPORTS,ELIGIBLE_EXTERNAL_REFERENCE,PENDING_ADMIN_REVIEW,2026-07-24,FETCH_AND_VERIFY_FROM_SOURCE_BEFORE_PUBLICATION,"{""platform_purpose"": null, ""token_utility"": null, ""data_structure"": null, ""smart_contract_capability"": null, ""transaction_validation"": null, ""consensus_mechanism"": null, ""governance_model"": null, ""tokenomics"": null, ""verdict_protocol_use"": null, ""verdict_token_use"": null, ""verdict_riba"": null, ""verdict_other_impermissibilities"": null}",FASSET-100-toncoin,https://www.fasset.com/shariah-reports/,"[""TON""]",TON
QUEUED,TrueUSD,"Status observed on Fasset's public Shariah Reports page. Detailed source fields must be fetched, verified and attributed separately.",Fasset,False,TUSD,Shariah Compliant,True,FASSET_SHARIAH_REPORTS,ELIGIBLE_EXTERNAL_REFERENCE,PENDING_ADMIN_REVIEW,2026-07-24,FETCH_AND_VERIFY_FROM_SOURCE_BEFORE_PUBLICATION,"{""platform_purpose"": null, ""token_utility"": null, ""data_structure"": null, ""smart_contract_capability"": null, ""transaction_validation"": null, ""consensus_mechanism"": null, ""governance_model"": null, ""tokenomics"": null, ""verdict_protocol_use"": null, ""verdict_token_use"": null, ""verdict_riba"": null, ""verdict_other_impermissibilities"": null}",FASSET-101-trueusd,https://www.fasset.com/shariah-reports/,"[""TUSD""]",TUSD
QUEUED,USDD,"Status observed on Fasset's public Shariah Reports page. Detailed source fields must be fetched, verified and attributed separately.",Fasset,False,USDD,Shariah Compliant,True,FASSET_SHARIAH_REPORTS,ELIGIBLE_EXTERNAL_REFERENCE,PENDING_ADMIN_REVIEW,2026-07-24,FETCH_AND_VERIFY_FROM_SOURCE_BEFORE_PUBLICATION,"{""platform_purpose"": null, ""token_utility"": null, ""data_structure"": null, ""smart_contract_capability"": null, ""transaction_validation"": null, ""consensus_mechanism"": null, ""governance_model"": null, ""tokenomics"": null, ""verdict_protocol_use"": null, ""verdict_token_use"": null, ""verdict_riba"": null, ""verdict_other_impermissibilities"": null}",FASSET-102-usdd,https://www.fasset.com/shariah-reports/,"[""USDD""]",USDD
QUEUED,USDP,"Status observed on Fasset's public Shariah Reports page. Detailed source fields must be fetched, verified and attributed separately.",Fasset,False,USDP,Shariah Compliant,True,FASSET_SHARIAH_REPORTS,ELIGIBLE_EXTERNAL_REFERENCE,PENDING_ADMIN_REVIEW,2026-07-24,FETCH_AND_VERIFY_FROM_SOURCE_BEFORE_PUBLICATION,"{""platform_purpose"": null, ""token_utility"": null, ""data_structure"": null, ""smart_contract_capability"": null, ""transaction_validation"": null, ""consensus_mechanism"": null, ""governance_model"": null, ""tokenomics"": null, ""verdict_protocol_use"": null, ""verdict_token_use"": null, ""verdict_riba"": null, ""verdict_other_impermissibilities"": null}",FASSET-103-usdp,https://www.fasset.com/shariah-reports/,"[""USDP""]",USDP
QUEUED,Gemini Dollar,"Status observed on Fasset's public Shariah Reports page. Detailed source fields must be fetched, verified and attributed separately.",Fasset,False,GUSD,Shariah Compliant,True,FASSET_SHARIAH_REPORTS,ELIGIBLE_EXTERNAL_REFERENCE,PENDING_ADMIN_REVIEW,2026-07-24,FETCH_AND_VERIFY_FROM_SOURCE_BEFORE_PUBLICATION,"{""platform_purpose"": null, ""token_utility"": null, ""data_structure"": null, ""smart_contract_capability"": null, ""transaction_validation"": null, ""consensus_mechanism"": null, ""governance_model"": null, ""tokenomics"": null, ""verdict_protocol_use"": null, ""verdict_token_use"": null, ""verdict_riba"": null, ""verdict_other_impermissibilities"": null}",FASSET-104-gemini-dollar,https://www.fasset.com/shariah-reports/,"[""GUSD""]",GUSD
QUEUED,sUSD,"Status observed on Fasset's public Shariah Reports page. Detailed source fields must be fetched, verified and attributed separately.",Fasset,False,SUSD,Shariah Compliant,True,FASSET_SHARIAH_REPORTS,ELIGIBLE_EXTERNAL_REFERENCE,PENDING_ADMIN_REVIEW,2026-07-24,FETCH_AND_VERIFY_FROM_SOURCE_BEFORE_PUBLICATION,"{""platform_purpose"": null, ""token_utility"": null, ""data_structure"": null, ""smart_contract_capability"": null, ""transaction_validation"": null, ""consensus_mechanism"": null, ""governance_model"": null, ""tokenomics"": null, ""verdict_protocol_use"": null, ""verdict_token_use"": null, ""verdict_riba"": null, ""verdict_other_impermissibilities"": null}",FASSET-105-susd,https://www.fasset.com/shariah-reports/,"[""SUSD""]",SUSD
QUEUED,Binance USD (legacy),"Status observed on Fasset's public Shariah Reports page. Detailed source fields must be fetched, verified and attributed separately.",Fasset,False,BUSD,Shariah Compliant,True,FASSET_SHARIAH_REPORTS,ELIGIBLE_EXTERNAL_REFERENCE,PENDING_ADMIN_REVIEW,2026-07-24,FETCH_AND_VERIFY_FROM_SOURCE_BEFORE_PUBLICATION,"{""platform_purpose"": null, ""token_utility"": null, ""data_structure"": null, ""smart_contract_capability"": null, ""transaction_validation"": null, ""consensus_mechanism"": null, ""governance_model"": null, ""tokenomics"": null, ""verdict_protocol_use"": null, ""verdict_token_use"": null, ""verdict_riba"": null, ""verdict_other_impermissibilities"": null}",FASSET-106-binance-usd-legacy,https://www.fasset.com/shariah-reports/,"[""BUSD""]",BUSD
QUEUED,Wormhole,"Status observed on Fasset's public Shariah Reports page. Detailed source fields must be fetched, verified and attributed separately.",Fasset,False,W,Shariah Compliant,True,FASSET_SHARIAH_REPORTS,ELIGIBLE_EXTERNAL_REFERENCE,PENDING_ADMIN_REVIEW,2026-07-24,FETCH_AND_VERIFY_FROM_SOURCE_BEFORE_PUBLICATION,"{""platform_purpose"": null, ""token_utility"": null, ""data_structure"": null, ""smart_contract_capability"": null, ""transaction_validation"": null, ""consensus_mechanism"": null, ""governance_model"": null, ""tokenomics"": null, ""verdict_protocol_use"": null, ""verdict_token_use"": null, ""verdict_riba"": null, ""verdict_other_impermissibilities"": null}",FASSET-107-wormhole,https://www.fasset.com/shariah-reports/,"[""W""]",W
QUEUED,LayerZero,"Status observed on Fasset's public Shariah Reports page. Detailed source fields must be fetched, verified and attributed separately.",Fasset,False,ZRO,Shariah Compliant,True,FASSET_SHARIAH_REPORTS,ELIGIBLE_EXTERNAL_REFERENCE,PENDING_ADMIN_REVIEW,2026-07-24,FETCH_AND_VERIFY_FROM_SOURCE_BEFORE_PUBLICATION,"{""platform_purpose"": null, ""token_utility"": null, ""data_structure"": null, ""smart_contract_capability"": null, ""transaction_validation"": null, ""consensus_mechanism"": null, ""governance_model"": null, ""tokenomics"": null, ""verdict_protocol_use"": null, ""verdict_token_use"": null, ""verdict_riba"": null, ""verdict_other_impermissibilities"": null}",FASSET-108-layerzero,https://www.fasset.com/shariah-reports/,"[""ZRO""]",ZRO
QUEUED,Klaytn,"Status observed on Fasset's public Shariah Reports page. Detailed source fields must be fetched, verified and attributed separately.",Fasset,False,KLAY,Shariah Compliant,True,FASSET_SHARIAH_REPORTS,ELIGIBLE_EXTERNAL_REFERENCE,PENDING_ADMIN_REVIEW,2026-07-24,FETCH_AND_VERIFY_FROM_SOURCE_BEFORE_PUBLICATION,"{""platform_purpose"": null, ""token_utility"": null, ""data_structure"": null, ""smart_contract_capability"": null, ""transaction_validation"": null, ""consensus_mechanism"": null, ""governance_model"": null, ""tokenomics"": null, ""verdict_protocol_use"": null, ""verdict_token_use"": null, ""verdict_riba"": null, ""verdict_other_impermissibilities"": null}",FASSET-109-klaytn,https://www.fasset.com/shariah-reports/,"[""KLAY""]",KLAY
QUEUED,Conflux,"Status observed on Fasset's public Shariah Reports page. Detailed source fields must be fetched, verified and attributed separately.",Fasset,False,CFX,Shariah Compliant,True,FASSET_SHARIAH_REPORTS,ELIGIBLE_EXTERNAL_REFERENCE,PENDING_ADMIN_REVIEW,2026-07-24,FETCH_AND_VERIFY_FROM_SOURCE_BEFORE_PUBLICATION,"{""platform_purpose"": null, ""token_utility"": null, ""data_structure"": null, ""smart_contract_capability"": null, ""transaction_validation"": null, ""consensus_mechanism"": null, ""governance_model"": null, ""tokenomics"": null, ""verdict_protocol_use"": null, ""verdict_token_use"": null, ""verdict_riba"": null, ""verdict_other_impermissibilities"": null}",FASSET-110-conflux,https://www.fasset.com/shariah-reports/,"[""CFX""]",CFX
QUEUED,MultiversX,"Status observed on Fasset's public Shariah Reports page. Detailed source fields must be fetched, verified and attributed separately.",Fasset,False,EGLD,Shariah Compliant,True,FASSET_SHARIAH_REPORTS,ELIGIBLE_EXTERNAL_REFERENCE,PENDING_ADMIN_REVIEW,2026-07-24,FETCH_AND_VERIFY_FROM_SOURCE_BEFORE_PUBLICATION,"{""platform_purpose"": null, ""token_utility"": null, ""data_structure"": null, ""smart_contract_capability"": null, ""transaction_validation"": null, ""consensus_mechanism"": null, ""governance_model"": null, ""tokenomics"": null, ""verdict_protocol_use"": null, ""verdict_token_use"": null, ""verdict_riba"": null, ""verdict_other_impermissibilities"": null}",FASSET-111-multiversx,https://www.fasset.com/shariah-reports/,"[""EGLD""]",EGLD
QUEUED,AIOZ Network,"Status observed on Fasset's public Shariah Reports page. Detailed source fields must be fetched, verified and attributed separately.",Fasset,False,AIOZ,Shariah Compliant,True,FASSET_SHARIAH_REPORTS,ELIGIBLE_EXTERNAL_REFERENCE,PENDING_ADMIN_REVIEW,2026-07-24,FETCH_AND_VERIFY_FROM_SOURCE_BEFORE_PUBLICATION,"{""platform_purpose"": null, ""token_utility"": null, ""data_structure"": null, ""smart_contract_capability"": null, ""transaction_validation"": null, ""consensus_mechanism"": null, ""governance_model"": null, ""tokenomics"": null, ""verdict_protocol_use"": null, ""verdict_token_use"": null, ""verdict_riba"": null, ""verdict_other_impermissibilities"": null}",FASSET-112-aioz-network,https://www.fasset.com/shariah-reports/,"[""AIOZ""]",AIOZ
QUEUED,Fetch.ai,"Status observed on Fasset's public Shariah Reports page. Detailed source fields must be fetched, verified and attributed separately.",Fasset,False,FET,Shariah Compliant,True,FASSET_SHARIAH_REPORTS,ELIGIBLE_EXTERNAL_REFERENCE,PENDING_ADMIN_REVIEW,2026-07-24,FETCH_AND_VERIFY_FROM_SOURCE_BEFORE_PUBLICATION,"{""platform_purpose"": null, ""token_utility"": null, ""data_structure"": null, ""smart_contract_capability"": null, ""transaction_validation"": null, ""consensus_mechanism"": null, ""governance_model"": null, ""tokenomics"": null, ""verdict_protocol_use"": null, ""verdict_token_use"": null, ""verdict_riba"": null, ""verdict_other_impermissibilities"": null}",FASSET-113-fetch-ai,https://www.fasset.com/shariah-reports/,"[""FET""]",FET
QUEUED,SingularityNET,"Status observed on Fasset's public Shariah Reports page. Detailed source fields must be fetched, verified and attributed separately.",Fasset,False,AGIX,Shariah Compliant,True,FASSET_SHARIAH_REPORTS,ELIGIBLE_EXTERNAL_REFERENCE,PENDING_ADMIN_REVIEW,2026-07-24,FETCH_AND_VERIFY_FROM_SOURCE_BEFORE_PUBLICATION,"{""platform_purpose"": null, ""token_utility"": null, ""data_structure"": null, ""smart_contract_capability"": null, ""transaction_validation"": null, ""consensus_mechanism"": null, ""governance_model"": null, ""tokenomics"": null, ""verdict_protocol_use"": null, ""verdict_token_use"": null, ""verdict_riba"": null, ""verdict_other_impermissibilities"": null}",FASSET-114-singularitynet,https://www.fasset.com/shariah-reports/,"[""AGIX""]",AGIX
QUEUED,Ocean Protocol,"Status observed on Fasset's public Shariah Reports page. Detailed source fields must be fetched, verified and attributed separately.",Fasset,False,OCEAN,Shariah Compliant,True,FASSET_SHARIAH_REPORTS,ELIGIBLE_EXTERNAL_REFERENCE,PENDING_ADMIN_REVIEW,2026-07-24,FETCH_AND_VERIFY_FROM_SOURCE_BEFORE_PUBLICATION,"{""platform_purpose"": null, ""token_utility"": null, ""data_structure"": null, ""smart_contract_capability"": null, ""transaction_validation"": null, ""consensus_mechanism"": null, ""governance_model"": null, ""tokenomics"": null, ""verdict_protocol_use"": null, ""verdict_token_use"": null, ""verdict_riba"": null, ""verdict_other_impermissibilities"": null}",FASSET-115-ocean-protocol,https://www.fasset.com/shariah-reports/,"[""OCEAN""]",OCEAN
QUEUED,World Mobile Token,"Status observed on Fasset's public Shariah Reports page. Detailed source fields must be fetched, verified and attributed separately.",Fasset,False,WMT,Shariah Compliant,True,FASSET_SHARIAH_REPORTS,ELIGIBLE_EXTERNAL_REFERENCE,PENDING_ADMIN_REVIEW,2026-07-24,FETCH_AND_VERIFY_FROM_SOURCE_BEFORE_PUBLICATION,"{""platform_purpose"": null, ""token_utility"": null, ""data_structure"": null, ""smart_contract_capability"": null, ""transaction_validation"": null, ""consensus_mechanism"": null, ""governance_model"": null, ""tokenomics"": null, ""verdict_protocol_use"": null, ""verdict_token_use"": null, ""verdict_riba"": null, ""verdict_other_impermissibilities"": null}",FASSET-116-world-mobile-token,https://www.fasset.com/shariah-reports/,"[""WMT""]",WMT
QUEUED,Bittorrent,"Status observed on Fasset's public Shariah Reports page. Detailed source fields must be fetched, verified and attributed separately.",Fasset,False,BTT,Shariah Compliant,True,FASSET_SHARIAH_REPORTS,ELIGIBLE_EXTERNAL_REFERENCE,PENDING_ADMIN_REVIEW,2026-07-24,FETCH_AND_VERIFY_FROM_SOURCE_BEFORE_PUBLICATION,"{""platform_purpose"": null, ""token_utility"": null, ""data_structure"": null, ""smart_contract_capability"": null, ""transaction_validation"": null, ""consensus_mechanism"": null, ""governance_model"": null, ""tokenomics"": null, ""verdict_protocol_use"": null, ""verdict_token_use"": null, ""verdict_riba"": null, ""verdict_other_impermissibilities"": null}",FASSET-117-bittorrent,https://www.fasset.com/shariah-reports/,"[""BTT""]",BTT
QUEUED,JasmyCoin,"Status observed on Fasset's public Shariah Reports page. Detailed source fields must be fetched, verified and attributed separately.",Fasset,False,JASMY,Shariah Compliant,True,FASSET_SHARIAH_REPORTS,ELIGIBLE_EXTERNAL_REFERENCE,PENDING_ADMIN_REVIEW,2026-07-24,FETCH_AND_VERIFY_FROM_SOURCE_BEFORE_PUBLICATION,"{""platform_purpose"": null, ""token_utility"": null, ""data_structure"": null, ""smart_contract_capability"": null, ""transaction_validation"": null, ""consensus_mechanism"": null, ""governance_model"": null, ""tokenomics"": null, ""verdict_protocol_use"": null, ""verdict_token_use"": null, ""verdict_riba"": null, ""verdict_other_impermissibilities"": null}",FASSET-118-jasmycoin,https://www.fasset.com/shariah-reports/,"[""JASMY""]",JASMY
QUEUED,EigenLayer,"Status observed on Fasset's public Shariah Reports page. Detailed source fields must be fetched, verified and attributed separately.",Fasset,False,EIGEN,Shariah Compliant,True,FASSET_SHARIAH_REPORTS,ELIGIBLE_EXTERNAL_REFERENCE,PENDING_ADMIN_REVIEW,2026-07-24,FETCH_AND_VERIFY_FROM_SOURCE_BEFORE_PUBLICATION,"{""platform_purpose"": null, ""token_utility"": null, ""data_structure"": null, ""smart_contract_capability"": null, ""transaction_validation"": null, ""consensus_mechanism"": null, ""governance_model"": null, ""tokenomics"": null, ""verdict_protocol_use"": null, ""verdict_token_use"": null, ""verdict_riba"": null, ""verdict_other_impermissibilities"": null}",FASSET-119-eigenlayer,https://www.fasset.com/shariah-reports/,"[""EIGEN""]",EIGEN
QUEUED,ether.fi,"Status observed on Fasset's public Shariah Reports page. Detailed source fields must be fetched, verified and attributed separately.",Fasset,False,ETHFI,Shariah Compliant,True,FASSET_SHARIAH_REPORTS,ELIGIBLE_EXTERNAL_REFERENCE,PENDING_ADMIN_REVIEW,2026-07-24,FETCH_AND_VERIFY_FROM_SOURCE_BEFORE_PUBLICATION,"{""platform_purpose"": null, ""token_utility"": null, ""data_structure"": null, ""smart_contract_capability"": null, ""transaction_validation"": null, ""consensus_mechanism"": null, ""governance_model"": null, ""tokenomics"": null, ""verdict_protocol_use"": null, ""verdict_token_use"": null, ""verdict_riba"": null, ""verdict_other_impermissibilities"": null}",FASSET-120-ether-fi,https://www.fasset.com/shariah-reports/,"[""ETHFI""]",ETHFI
QUEUED,Renzo,"Status observed on Fasset's public Shariah Reports page. Detailed source fields must be fetched, verified and attributed separately.",Fasset,False,REZ,Shariah Compliant,True,FASSET_SHARIAH_REPORTS,ELIGIBLE_EXTERNAL_REFERENCE,PENDING_ADMIN_REVIEW,2026-07-24,FETCH_AND_VERIFY_FROM_SOURCE_BEFORE_PUBLICATION,"{""platform_purpose"": null, ""token_utility"": null, ""data_structure"": null, ""smart_contract_capability"": null, ""transaction_validation"": null, ""consensus_mechanism"": null, ""governance_model"": null, ""tokenomics"": null, ""verdict_protocol_use"": null, ""verdict_token_use"": null, ""verdict_riba"": null, ""verdict_other_impermissibilities"": null}",FASSET-121-renzo,https://www.fasset.com/shariah-reports/,"[""REZ""]",REZ
QUEUED,Pyth Network,"Status observed on Fasset's public Shariah Reports page. Detailed source fields must be fetched, verified and attributed separately.",Fasset,False,PYTH,Shariah Compliant,True,FASSET_SHARIAH_REPORTS,ELIGIBLE_EXTERNAL_REFERENCE,PENDING_ADMIN_REVIEW,2026-07-24,FETCH_AND_VERIFY_FROM_SOURCE_BEFORE_PUBLICATION,"{""platform_purpose"": null, ""token_utility"": null, ""data_structure"": null, ""smart_contract_capability"": null, ""transaction_validation"": null, ""consensus_mechanism"": null, ""governance_model"": null, ""tokenomics"": null, ""verdict_protocol_use"": null, ""verdict_token_use"": null, ""verdict_riba"": null, ""verdict_other_impermissibilities"": null}",FASSET-122-pyth-network,https://www.fasset.com/shariah-reports/,"[""PYTH""]",PYTH
QUEUED,Jito,"Status observed on Fasset's public Shariah Reports page. Detailed source fields must be fetched, verified and attributed separately.",Fasset,False,JTO,Shariah Compliant,True,FASSET_SHARIAH_REPORTS,ELIGIBLE_EXTERNAL_REFERENCE,PENDING_ADMIN_REVIEW,2026-07-24,FETCH_AND_VERIFY_FROM_SOURCE_BEFORE_PUBLICATION,"{""platform_purpose"": null, ""token_utility"": null, ""data_structure"": null, ""smart_contract_capability"": null, ""transaction_validation"": null, ""consensus_mechanism"": null, ""governance_model"": null, ""tokenomics"": null, ""verdict_protocol_use"": null, ""verdict_token_use"": null, ""verdict_riba"": null, ""verdict_other_impermissibilities"": null}",FASSET-123-jito,https://www.fasset.com/shariah-reports/,"[""JTO""]",JTO
QUEUED,Marinade,"Status observed on Fasset's public Shariah Reports page. Detailed source fields must be fetched, verified and attributed separately.",Fasset,False,MNDE,Shariah Compliant,True,FASSET_SHARIAH_REPORTS,ELIGIBLE_EXTERNAL_REFERENCE,PENDING_ADMIN_REVIEW,2026-07-24,FETCH_AND_VERIFY_FROM_SOURCE_BEFORE_PUBLICATION,"{""platform_purpose"": null, ""token_utility"": null, ""data_structure"": null, ""smart_contract_capability"": null, ""transaction_validation"": null, ""consensus_mechanism"": null, ""governance_model"": null, ""tokenomics"": null, ""verdict_protocol_use"": null, ""verdict_token_use"": null, ""verdict_riba"": null, ""verdict_other_impermissibilities"": null}",FASSET-124-marinade,https://www.fasset.com/shariah-reports/,"[""MNDE""]",MNDE
QUEUED,Solv Protocol,"Status observed on Fasset's public Shariah Reports page. Detailed source fields must be fetched, verified and attributed separately.",Fasset,False,SOLV,Shariah Compliant,True,FASSET_SHARIAH_REPORTS,ELIGIBLE_EXTERNAL_REFERENCE,PENDING_ADMIN_REVIEW,2026-07-24,FETCH_AND_VERIFY_FROM_SOURCE_BEFORE_PUBLICATION,"{""platform_purpose"": null, ""token_utility"": null, ""data_structure"": null, ""smart_contract_capability"": null, ""transaction_validation"": null, ""consensus_mechanism"": null, ""governance_model"": null, ""tokenomics"": null, ""verdict_protocol_use"": null, ""verdict_token_use"": null, ""verdict_riba"": null, ""verdict_other_impermissibilities"": null}",FASSET-125-solv-protocol,https://www.fasset.com/shariah-reports/,"[""SOLV""]",SOLV
QUEUED,Aerodrome,"Status observed on Fasset's public Shariah Reports page. Detailed source fields must be fetched, verified and attributed separately.",Fasset,False,AERO,Shariah Compliant,True,FASSET_SHARIAH_REPORTS,ELIGIBLE_EXTERNAL_REFERENCE,PENDING_ADMIN_REVIEW,2026-07-24,FETCH_AND_VERIFY_FROM_SOURCE_BEFORE_PUBLICATION,"{""platform_purpose"": null, ""token_utility"": null, ""data_structure"": null, ""smart_contract_capability"": null, ""transaction_validation"": null, ""consensus_mechanism"": null, ""governance_model"": null, ""tokenomics"": null, ""verdict_protocol_use"": null, ""verdict_token_use"": null, ""verdict_riba"": null, ""verdict_other_impermissibilities"": null}",FASSET-126-aerodrome,https://www.fasset.com/shariah-reports/,"[""AERO""]",AERO
QUEUED,Base,"Status observed on Fasset's public Shariah Reports page. Detailed source fields must be fetched, verified and attributed separately.",Fasset,False,BASE_NETWORK,Shariah Compliant,True,FASSET_SHARIAH_REPORTS,ELIGIBLE_EXTERNAL_REFERENCE,PENDING_ADMIN_REVIEW,2026-07-24,FETCH_AND_VERIFY_FROM_SOURCE_BEFORE_PUBLICATION,"{""platform_purpose"": null, ""token_utility"": null, ""data_structure"": null, ""smart_contract_capability"": null, ""transaction_validation"": null, ""consensus_mechanism"": null, ""governance_model"": null, ""tokenomics"": null, ""verdict_protocol_use"": null, ""verdict_token_use"": null, ""verdict_riba"": null, ""verdict_other_impermissibilities"": null}",FASSET-127-base,https://www.fasset.com/shariah-reports/,"[""ETH"", ""BASE_NETWORK""]",N/A (Uses ETH)
QUEUED,Blast,"Status observed on Fasset's public Shariah Reports page. Detailed source fields must be fetched, verified and attributed separately.",Fasset,False,BLAST,Shariah Compliant,True,FASSET_SHARIAH_REPORTS,ELIGIBLE_EXTERNAL_REFERENCE,PENDING_ADMIN_REVIEW,2026-07-24,FETCH_AND_VERIFY_FROM_SOURCE_BEFORE_PUBLICATION,"{""platform_purpose"": null, ""token_utility"": null, ""data_structure"": null, ""smart_contract_capability"": null, ""transaction_validation"": null, ""consensus_mechanism"": null, ""governance_model"": null, ""tokenomics"": null, ""verdict_protocol_use"": null, ""verdict_token_use"": null, ""verdict_riba"": null, ""verdict_other_impermissibilities"": null}",FASSET-128-blast,https://www.fasset.com/shariah-reports/,"[""BLAST""]",BLAST
QUEUED,zkSync,"Status observed on Fasset's public Shariah Reports page. Detailed source fields must be fetched, verified and attributed separately.",Fasset,False,ZK,Shariah Compliant,True,FASSET_SHARIAH_REPORTS,ELIGIBLE_EXTERNAL_REFERENCE,PENDING_ADMIN_REVIEW,2026-07-24,FETCH_AND_VERIFY_FROM_SOURCE_BEFORE_PUBLICATION,"{""platform_purpose"": null, ""token_utility"": null, ""data_structure"": null, ""smart_contract_capability"": null, ""transaction_validation"": null, ""consensus_mechanism"": null, ""governance_model"": null, ""tokenomics"": null, ""verdict_protocol_use"": null, ""verdict_token_use"": null, ""verdict_riba"": null, ""verdict_other_impermissibilities"": null}",FASSET-129-zksync,https://www.fasset.com/shariah-reports/,"[""ZK""]",ZK
QUEUED,Starknet,"Status observed on Fasset's public Shariah Reports page. Detailed source fields must be fetched, verified and attributed separately.",Fasset,False,STRK,Shariah Compliant,True,FASSET_SHARIAH_REPORTS,ELIGIBLE_EXTERNAL_REFERENCE,PENDING_ADMIN_REVIEW,2026-07-24,FETCH_AND_VERIFY_FROM_SOURCE_BEFORE_PUBLICATION,"{""platform_purpose"": null, ""token_utility"": null, ""data_structure"": null, ""smart_contract_capability"": null, ""transaction_validation"": null, ""consensus_mechanism"": null, ""governance_model"": null, ""tokenomics"": null, ""verdict_protocol_use"": null, ""verdict_token_use"": null, ""verdict_riba"": null, ""verdict_other_impermissibilities"": null}",FASSET-130-starknet,https://www.fasset.com/shariah-reports/,"[""STRK""]",STRK
QUEUED,Gnosis,"Status observed on Fasset's public Shariah Reports page. Detailed source fields must be fetched, verified and attributed separately.",Fasset,False,GNO,Shariah Compliant,True,FASSET_SHARIAH_REPORTS,ELIGIBLE_EXTERNAL_REFERENCE,PENDING_ADMIN_REVIEW,2026-07-24,FETCH_AND_VERIFY_FROM_SOURCE_BEFORE_PUBLICATION,"{""platform_purpose"": null, ""token_utility"": null, ""data_structure"": null, ""smart_contract_capability"": null, ""transaction_validation"": null, ""consensus_mechanism"": null, ""governance_model"": null, ""tokenomics"": null, ""verdict_protocol_use"": null, ""verdict_token_use"": null, ""verdict_riba"": null, ""verdict_other_impermissibilities"": null}",FASSET-131-gnosis,https://www.fasset.com/shariah-reports/,"[""GNO""]",GNO
QUEUED,Rocket Pool,"Status observed on Fasset's public Shariah Reports page. Detailed source fields must be fetched, verified and attributed separately.",Fasset,False,RPL,Shariah Compliant,True,FASSET_SHARIAH_REPORTS,ELIGIBLE_EXTERNAL_REFERENCE,PENDING_ADMIN_REVIEW,2026-07-24,FETCH_AND_VERIFY_FROM_SOURCE_BEFORE_PUBLICATION,"{""platform_purpose"": null, ""token_utility"": null, ""data_structure"": null, ""smart_contract_capability"": null, ""transaction_validation"": null, ""consensus_mechanism"": null, ""governance_model"": null, ""tokenomics"": null, ""verdict_protocol_use"": null, ""verdict_token_use"": null, ""verdict_riba"": null, ""verdict_other_impermissibilities"": null}",FASSET-132-rocket-pool,https://www.fasset.com/shariah-reports/,"[""RPL""]",RPL
QUEUED,Ssv Network,"Status observed on Fasset's public Shariah Reports page. Detailed source fields must be fetched, verified and attributed separately.",Fasset,False,SSV,Shariah Compliant,True,FASSET_SHARIAH_REPORTS,ELIGIBLE_EXTERNAL_REFERENCE,PENDING_ADMIN_REVIEW,2026-07-24,FETCH_AND_VERIFY_FROM_SOURCE_BEFORE_PUBLICATION,"{""platform_purpose"": null, ""token_utility"": null, ""data_structure"": null, ""smart_contract_capability"": null, ""transaction_validation"": null, ""consensus_mechanism"": null, ""governance_model"": null, ""tokenomics"": null, ""verdict_protocol_use"": null, ""verdict_token_use"": null, ""verdict_riba"": null, ""verdict_other_impermissibilities"": null}",FASSET-133-ssv-network,https://www.fasset.com/shariah-reports/,"[""SSV""]",SSV
QUEUED,Ankr,"Status observed on Fasset's public Shariah Reports page. Detailed source fields must be fetched, verified and attributed separately.",Fasset,False,ANKR,Shariah Compliant,True,FASSET_SHARIAH_REPORTS,ELIGIBLE_EXTERNAL_REFERENCE,PENDING_ADMIN_REVIEW,2026-07-24,FETCH_AND_VERIFY_FROM_SOURCE_BEFORE_PUBLICATION,"{""platform_purpose"": null, ""token_utility"": null, ""data_structure"": null, ""smart_contract_capability"": null, ""transaction_validation"": null, ""consensus_mechanism"": null, ""governance_model"": null, ""tokenomics"": null, ""verdict_protocol_use"": null, ""verdict_token_use"": null, ""verdict_riba"": null, ""verdict_other_impermissibilities"": null}",FASSET-134-ankr,https://www.fasset.com/shariah-reports/,"[""ANKR""]",ANKR
QUEUED,LPT,"Status observed on Fasset's public Shariah Reports page. Detailed source fields must be fetched, verified and attributed separately.",Fasset,False,LPT,Shariah Compliant,True,FASSET_SHARIAH_REPORTS,ELIGIBLE_EXTERNAL_REFERENCE,PENDING_ADMIN_REVIEW,2026-07-24,FETCH_AND_VERIFY_FROM_SOURCE_BEFORE_PUBLICATION,"{""platform_purpose"": null, ""token_utility"": null, ""data_structure"": null, ""smart_contract_capability"": null, ""transaction_validation"": null, ""consensus_mechanism"": null, ""governance_model"": null, ""tokenomics"": null, ""verdict_protocol_use"": null, ""verdict_token_use"": null, ""verdict_riba"": null, ""verdict_other_impermissibilities"": null}",FASSET-135-lpt,https://www.fasset.com/shariah-reports/,"[""LPT""]",LPT
QUEUED,Basic Attention Token,"Status observed on Fasset's public Shariah Reports page. Detailed source fields must be fetched, verified and attributed separately.",Fasset,False,BAT,Shariah Compliant,True,FASSET_SHARIAH_REPORTS,ELIGIBLE_EXTERNAL_REFERENCE,PENDING_ADMIN_REVIEW,2026-07-24,FETCH_AND_VERIFY_FROM_SOURCE_BEFORE_PUBLICATION,"{""platform_purpose"": null, ""token_utility"": null, ""data_structure"": null, ""smart_contract_capability"": null, ""transaction_validation"": null, ""consensus_mechanism"": null, ""governance_model"": null, ""tokenomics"": null, ""verdict_protocol_use"": null, ""verdict_token_use"": null, ""verdict_riba"": null, ""verdict_other_impermissibilities"": null}",FASSET-136-basic-attention-token,https://www.fasset.com/shariah-reports/,"[""BAT""]",BAT
QUEUED,0x,"Status observed on Fasset's public Shariah Reports page. Detailed source fields must be fetched, verified and attributed separately.",Fasset,False,ZRX,Shariah Compliant,True,FASSET_SHARIAH_REPORTS,ELIGIBLE_EXTERNAL_REFERENCE,PENDING_ADMIN_REVIEW,2026-07-24,FETCH_AND_VERIFY_FROM_SOURCE_BEFORE_PUBLICATION,"{""platform_purpose"": null, ""token_utility"": null, ""data_structure"": null, ""smart_contract_capability"": null, ""transaction_validation"": null, ""consensus_mechanism"": null, ""governance_model"": null, ""tokenomics"": null, ""verdict_protocol_use"": null, ""verdict_token_use"": null, ""verdict_riba"": null, ""verdict_other_impermissibilities"": null}",FASSET-137-0x,https://www.fasset.com/shariah-reports/,"[""ZRX""]",ZRX
QUEUED,Loopring,"Status observed on Fasset's public Shariah Reports page. Detailed source fields must be fetched, verified and attributed separately.",Fasset,False,LRC,Shariah Compliant,True,FASSET_SHARIAH_REPORTS,ELIGIBLE_EXTERNAL_REFERENCE,PENDING_ADMIN_REVIEW,2026-07-24,FETCH_AND_VERIFY_FROM_SOURCE_BEFORE_PUBLICATION,"{""platform_purpose"": null, ""token_utility"": null, ""data_structure"": null, ""smart_contract_capability"": null, ""transaction_validation"": null, ""consensus_mechanism"": null, ""governance_model"": null, ""tokenomics"": null, ""verdict_protocol_use"": null, ""verdict_token_use"": null, ""verdict_riba"": null, ""verdict_other_impermissibilities"": null}",FASSET-138-loopring,https://www.fasset.com/shariah-reports/,"[""LRC""]",LRC
QUEUED,Status,"Status observed on Fasset's public Shariah Reports page. Detailed source fields must be fetched, verified and attributed separately.",Fasset,False,SNT,Shariah Compliant,True,FASSET_SHARIAH_REPORTS,ELIGIBLE_EXTERNAL_REFERENCE,PENDING_ADMIN_REVIEW,2026-07-24,FETCH_AND_VERIFY_FROM_SOURCE_BEFORE_PUBLICATION,"{""platform_purpose"": null, ""token_utility"": null, ""data_structure"": null, ""smart_contract_capability"": null, ""transaction_validation"": null, ""consensus_mechanism"": null, ""governance_model"": null, ""tokenomics"": null, ""verdict_protocol_use"": null, ""verdict_token_use"": null, ""verdict_riba"": null, ""verdict_other_impermissibilities"": null}",FASSET-139-status,https://www.fasset.com/shariah-reports/,"[""SNT""]",SNT
QUEUED,Celo,"Status observed on Fasset's public Shariah Reports page. Detailed source fields must be fetched, verified and attributed separately.",Fasset,False,CELO,Shariah Compliant,True,FASSET_SHARIAH_REPORTS,ELIGIBLE_EXTERNAL_REFERENCE,PENDING_ADMIN_REVIEW,2026-07-24,FETCH_AND_VERIFY_FROM_SOURCE_BEFORE_PUBLICATION,"{""platform_purpose"": null, ""token_utility"": null, ""data_structure"": null, ""smart_contract_capability"": null, ""transaction_validation"": null, ""consensus_mechanism"": null, ""governance_model"": null, ""tokenomics"": null, ""verdict_protocol_use"": null, ""verdict_token_use"": null, ""verdict_riba"": null, ""verdict_other_impermissibilities"": null}",FASSET-140-celo,https://www.fasset.com/shariah-reports/,"[""CELO""]",CELO
QUEUED,Harmony,"Status observed on Fasset's public Shariah Reports page. Detailed source fields must be fetched, verified and attributed separately.",Fasset,False,ONE,Shariah Compliant,True,FASSET_SHARIAH_REPORTS,ELIGIBLE_EXTERNAL_REFERENCE,PENDING_ADMIN_REVIEW,2026-07-24,FETCH_AND_VERIFY_FROM_SOURCE_BEFORE_PUBLICATION,"{""platform_purpose"": null, ""token_utility"": null, ""data_structure"": null, ""smart_contract_capability"": null, ""transaction_validation"": null, ""consensus_mechanism"": null, ""governance_model"": null, ""tokenomics"": null, ""verdict_protocol_use"": null, ""verdict_token_use"": null, ""verdict_riba"": null, ""verdict_other_impermissibilities"": null}",FASSET-141-harmony,https://www.fasset.com/shariah-reports/,"[""ONE""]",ONE
QUEUED,Nervos Network,"Status observed on Fasset's public Shariah Reports page. Detailed source fields must be fetched, verified and attributed separately.",Fasset,False,CKB,Shariah Compliant,True,FASSET_SHARIAH_REPORTS,ELIGIBLE_EXTERNAL_REFERENCE,PENDING_ADMIN_REVIEW,2026-07-24,FETCH_AND_VERIFY_FROM_SOURCE_BEFORE_PUBLICATION,"{""platform_purpose"": null, ""token_utility"": null, ""data_structure"": null, ""smart_contract_capability"": null, ""transaction_validation"": null, ""consensus_mechanism"": null, ""governance_model"": null, ""tokenomics"": null, ""verdict_protocol_use"": null, ""verdict_token_use"": null, ""verdict_riba"": null, ""verdict_other_impermissibilities"": null}",FASSET-142-nervos-network,https://www.fasset.com/shariah-reports/,"[""CKB""]",CKB
QUEUED,Kadena,"Status observed on Fasset's public Shariah Reports page. Detailed source fields must be fetched, verified and attributed separately.",Fasset,False,KDA,Shariah Compliant,True,FASSET_SHARIAH_REPORTS,ELIGIBLE_EXTERNAL_REFERENCE,PENDING_ADMIN_REVIEW,2026-07-24,FETCH_AND_VERIFY_FROM_SOURCE_BEFORE_PUBLICATION,"{""platform_purpose"": null, ""token_utility"": null, ""data_structure"": null, ""smart_contract_capability"": null, ""transaction_validation"": null, ""consensus_mechanism"": null, ""governance_model"": null, ""tokenomics"": null, ""verdict_protocol_use"": null, ""verdict_token_use"": null, ""verdict_riba"": null, ""verdict_other_impermissibilities"": null}",FASSET-143-kadena,https://www.fasset.com/shariah-reports/,"[""KDA""]",KDA
QUEUED,Secret,"Status observed on Fasset's public Shariah Reports page. Detailed source fields must be fetched, verified and attributed separately.",Fasset,False,SCRT,Shariah Compliant,True,FASSET_SHARIAH_REPORTS,ELIGIBLE_EXTERNAL_REFERENCE,PENDING_ADMIN_REVIEW,2026-07-24,FETCH_AND_VERIFY_FROM_SOURCE_BEFORE_PUBLICATION,"{""platform_purpose"": null, ""token_utility"": null, ""data_structure"": null, ""smart_contract_capability"": null, ""transaction_validation"": null, ""consensus_mechanism"": null, ""governance_model"": null, ""tokenomics"": null, ""verdict_protocol_use"": null, ""verdict_token_use"": null, ""verdict_riba"": null, ""verdict_other_impermissibilities"": null}",FASSET-144-secret,https://www.fasset.com/shariah-reports/,"[""SCRT""]",SCRT
QUEUED,Oasis Network,"Status observed on Fasset's public Shariah Reports page. Detailed source fields must be fetched, verified and attributed separately.",Fasset,False,ROSE,Shariah Compliant,True,FASSET_SHARIAH_REPORTS,ELIGIBLE_EXTERNAL_REFERENCE,PENDING_ADMIN_REVIEW,2026-07-24,FETCH_AND_VERIFY_FROM_SOURCE_BEFORE_PUBLICATION,"{""platform_purpose"": null, ""token_utility"": null, ""data_structure"": null, ""smart_contract_capability"": null, ""transaction_validation"": null, ""consensus_mechanism"": null, ""governance_model"": null, ""tokenomics"": null, ""verdict_protocol_use"": null, ""verdict_token_use"": null, ""verdict_riba"": null, ""verdict_other_impermissibilities"": null}",FASSET-145-oasis-network,https://www.fasset.com/shariah-reports/,"[""ROSE""]",ROSE
QUEUED,SushiSwap,"Status observed on Fasset's public Shariah Reports page. Detailed source fields must be fetched, verified and attributed separately.",Fasset,False,SUSHI,Shariah Compliant,True,FASSET_SHARIAH_REPORTS,ELIGIBLE_EXTERNAL_REFERENCE,PENDING_ADMIN_REVIEW,2026-07-24,FETCH_AND_VERIFY_FROM_SOURCE_BEFORE_PUBLICATION,"{""platform_purpose"": null, ""token_utility"": null, ""data_structure"": null, ""smart_contract_capability"": null, ""transaction_validation"": null, ""consensus_mechanism"": null, ""governance_model"": null, ""tokenomics"": null, ""verdict_protocol_use"": null, ""verdict_token_use"": null, ""verdict_riba"": null, ""verdict_other_impermissibilities"": null}",FASSET-146-sushiswap,https://www.fasset.com/shariah-reports/,"[""SUSHI""]",SUSHI
QUEUED,Balancer,"Status observed on Fasset's public Shariah Reports page. Detailed source fields must be fetched, verified and attributed separately.",Fasset,False,BAL,Shariah Compliant,True,FASSET_SHARIAH_REPORTS,ELIGIBLE_EXTERNAL_REFERENCE,PENDING_ADMIN_REVIEW,2026-07-24,FETCH_AND_VERIFY_FROM_SOURCE_BEFORE_PUBLICATION,"{""platform_purpose"": null, ""token_utility"": null, ""data_structure"": null, ""smart_contract_capability"": null, ""transaction_validation"": null, ""consensus_mechanism"": null, ""governance_model"": null, ""tokenomics"": null, ""verdict_protocol_use"": null, ""verdict_token_use"": null, ""verdict_riba"": null, ""verdict_other_impermissibilities"": null}",FASSET-147-balancer,https://www.fasset.com/shariah-reports/,"[""BAL""]",BAL
QUEUED,Illuvium,"Status observed on Fasset's public Shariah Reports page. Detailed source fields must be fetched, verified and attributed separately.",Fasset,False,ILV,Shariah Compliant,True,FASSET_SHARIAH_REPORTS,ELIGIBLE_EXTERNAL_REFERENCE,PENDING_ADMIN_REVIEW,2026-07-24,FETCH_AND_VERIFY_FROM_SOURCE_BEFORE_PUBLICATION,"{""platform_purpose"": null, ""token_utility"": null, ""data_structure"": null, ""smart_contract_capability"": null, ""transaction_validation"": null, ""consensus_mechanism"": null, ""governance_model"": null, ""tokenomics"": null, ""verdict_protocol_use"": null, ""verdict_token_use"": null, ""verdict_riba"": null, ""verdict_other_impermissibilities"": null}",FASSET-148-illuvium,https://www.fasset.com/shariah-reports/,"[""ILV""]",ILV
QUEUED,KNC,"Status observed on Fasset's public Shariah Reports page. Detailed source fields must be fetched, verified and attributed separately.",Fasset,False,KNC,Shariah Compliant,True,FASSET_SHARIAH_REPORTS,ELIGIBLE_EXTERNAL_REFERENCE,PENDING_ADMIN_REVIEW,2026-07-24,FETCH_AND_VERIFY_FROM_SOURCE_BEFORE_PUBLICATION,"{""platform_purpose"": null, ""token_utility"": null, ""data_structure"": null, ""smart_contract_capability"": null, ""transaction_validation"": null, ""consensus_mechanism"": null, ""governance_model"": null, ""tokenomics"": null, ""verdict_protocol_use"": null, ""verdict_token_use"": null, ""verdict_riba"": null, ""verdict_other_impermissibilities"": null}",FASSET-149-knc,https://www.fasset.com/shariah-reports/,"[""KNC""]",KNC
QUEUED,Frax Ether,"Status observed on Fasset's public Shariah Reports page. Detailed source fields must be fetched, verified and attributed separately.",Fasset,False,FRXETH,Shariah Compliant,True,FASSET_SHARIAH_REPORTS,ELIGIBLE_EXTERNAL_REFERENCE,PENDING_ADMIN_REVIEW,2026-07-24,FETCH_AND_VERIFY_FROM_SOURCE_BEFORE_PUBLICATION,"{""platform_purpose"": null, ""token_utility"": null, ""data_structure"": null, ""smart_contract_capability"": null, ""transaction_validation"": null, ""consensus_mechanism"": null, ""governance_model"": null, ""tokenomics"": null, ""verdict_protocol_use"": null, ""verdict_token_use"": null, ""verdict_riba"": null, ""verdict_other_impermissibilities"": null}",FASSET-150-frax-ether,https://www.fasset.com/shariah-reports/,"[""FRXETH""]",FRXETH
QUEUED,Luna Classic,"Status observed on Fasset's public Shariah Reports page. Detailed source fields must be fetched, verified and attributed separately.",Fasset,False,LUNC,Shariah Compliant,True,FASSET_SHARIAH_REPORTS,ELIGIBLE_EXTERNAL_REFERENCE,PENDING_ADMIN_REVIEW,2026-07-24,FETCH_AND_VERIFY_FROM_SOURCE_BEFORE_PUBLICATION,"{""platform_purpose"": null, ""token_utility"": null, ""data_structure"": null, ""smart_contract_capability"": null, ""transaction_validation"": null, ""consensus_mechanism"": null, ""governance_model"": null, ""tokenomics"": null, ""verdict_protocol_use"": null, ""verdict_token_use"": null, ""verdict_riba"": null, ""verdict_other_impermissibilities"": null}",FASSET-151-luna-classic,https://www.fasset.com/shariah-reports/,"[""LUNC""]",LUNC
QUEUED,Terra,"Status observed on Fasset's public Shariah Reports page. Detailed source fields must be fetched, verified and attributed separately.",Fasset,False,LUNA,Shariah Compliant,True,FASSET_SHARIAH_REPORTS,ELIGIBLE_EXTERNAL_REFERENCE,PENDING_ADMIN_REVIEW,2026-07-24,FETCH_AND_VERIFY_FROM_SOURCE_BEFORE_PUBLICATION,"{""platform_purpose"": null, ""token_utility"": null, ""data_structure"": null, ""smart_contract_capability"": null, ""transaction_validation"": null, ""consensus_mechanism"": null, ""governance_model"": null, ""tokenomics"": null, ""verdict_protocol_use"": null, ""verdict_token_use"": null, ""verdict_riba"": null, ""verdict_other_impermissibilities"": null}",FASSET-152-terra,https://www.fasset.com/shariah-reports/,"[""LUNA""]",LUNA
QUEUED,Golem,"Status observed on Fasset's public Shariah Reports page. Detailed source fields must be fetched, verified and attributed separately.",Fasset,False,GLM,Shariah Compliant,True,FASSET_SHARIAH_REPORTS,ELIGIBLE_EXTERNAL_REFERENCE,PENDING_ADMIN_REVIEW,2026-07-24,FETCH_AND_VERIFY_FROM_SOURCE_BEFORE_PUBLICATION,"{""platform_purpose"": null, ""token_utility"": null, ""data_structure"": null, ""smart_contract_capability"": null, ""transaction_validation"": null, ""consensus_mechanism"": null, ""governance_model"": null, ""tokenomics"": null, ""verdict_protocol_use"": null, ""verdict_token_use"": null, ""verdict_riba"": null, ""verdict_other_impermissibilities"": null}",FASSET-153-golem,https://www.fasset.com/shariah-reports/,"[""GLM""]",GLM
QUEUED,Mask Network,"Status observed on Fasset's public Shariah Reports page. Detailed source fields must be fetched, verified and attributed separately.",Fasset,False,MASK,Shariah Compliant,True,FASSET_SHARIAH_REPORTS,ELIGIBLE_EXTERNAL_REFERENCE,PENDING_ADMIN_REVIEW,2026-07-24,FETCH_AND_VERIFY_FROM_SOURCE_BEFORE_PUBLICATION,"{""platform_purpose"": null, ""token_utility"": null, ""data_structure"": null, ""smart_contract_capability"": null, ""transaction_validation"": null, ""consensus_mechanism"": null, ""governance_model"": null, ""tokenomics"": null, ""verdict_protocol_use"": null, ""verdict_token_use"": null, ""verdict_riba"": null, ""verdict_other_impermissibilities"": null}",FASSET-154-mask-network,https://www.fasset.com/shariah-reports/,"[""MASK""]",MASK
QUEUED,Bancor,"Status observed on Fasset's public Shariah Reports page. Detailed source fields must be fetched, verified and attributed separately.",Fasset,False,BNT,Shariah Compliant,True,FASSET_SHARIAH_REPORTS,ELIGIBLE_EXTERNAL_REFERENCE,PENDING_ADMIN_REVIEW,2026-07-24,FETCH_AND_VERIFY_FROM_SOURCE_BEFORE_PUBLICATION,"{""platform_purpose"": null, ""token_utility"": null, ""data_structure"": null, ""smart_contract_capability"": null, ""transaction_validation"": null, ""consensus_mechanism"": null, ""governance_model"": null, ""tokenomics"": null, ""verdict_protocol_use"": null, ""verdict_token_use"": null, ""verdict_riba"": null, ""verdict_other_impermissibilities"": null}",FASSET-155-bancor,https://www.fasset.com/shariah-reports/,"[""BNT""]",BNT
QUEUED,Waves,"Status observed on Fasset's public Shariah Reports page. Detailed source fields must be fetched, verified and attributed separately.",Fasset,False,WAVES,Shariah Compliant,True,FASSET_SHARIAH_REPORTS,ELIGIBLE_EXTERNAL_REFERENCE,PENDING_ADMIN_REVIEW,2026-07-24,FETCH_AND_VERIFY_FROM_SOURCE_BEFORE_PUBLICATION,"{""platform_purpose"": null, ""token_utility"": null, ""data_structure"": null, ""smart_contract_capability"": null, ""transaction_validation"": null, ""consensus_mechanism"": null, ""governance_model"": null, ""tokenomics"": null, ""verdict_protocol_use"": null, ""verdict_token_use"": null, ""verdict_riba"": null, ""verdict_other_impermissibilities"": null}",FASSET-156-waves,https://www.fasset.com/shariah-reports/,"[""WAVES""]",WAVES
QUEUED,Qtum,"Status observed on Fasset's public Shariah Reports page. Detailed source fields must be fetched, verified and attributed separately.",Fasset,False,QTUM,Shariah Compliant,True,FASSET_SHARIAH_REPORTS,ELIGIBLE_EXTERNAL_REFERENCE,PENDING_ADMIN_REVIEW,2026-07-24,FETCH_AND_VERIFY_FROM_SOURCE_BEFORE_PUBLICATION,"{""platform_purpose"": null, ""token_utility"": null, ""data_structure"": null, ""smart_contract_capability"": null, ""transaction_validation"": null, ""consensus_mechanism"": null, ""governance_model"": null, ""tokenomics"": null, ""verdict_protocol_use"": null, ""verdict_token_use"": null, ""verdict_riba"": null, ""verdict_other_impermissibilities"": null}",FASSET-157-qtum,https://www.fasset.com/shariah-reports/,"[""QTUM""]",QTUM
QUEUED,Holo,"Status observed on Fasset's public Shariah Reports page. Detailed source fields must be fetched, verified and attributed separately.",Fasset,False,HOT,Shariah Compliant,True,FASSET_SHARIAH_REPORTS,ELIGIBLE_EXTERNAL_REFERENCE,PENDING_ADMIN_REVIEW,2026-07-24,FETCH_AND_VERIFY_FROM_SOURCE_BEFORE_PUBLICATION,"{""platform_purpose"": null, ""token_utility"": null, ""data_structure"": null, ""smart_contract_capability"": null, ""transaction_validation"": null, ""consensus_mechanism"": null, ""governance_model"": null, ""tokenomics"": null, ""verdict_protocol_use"": null, ""verdict_token_use"": null, ""verdict_riba"": null, ""verdict_other_impermissibilities"": null}",FASSET-158-holo,https://www.fasset.com/shariah-reports/,"[""HOT""]",HOT
QUEUED,TerraUSD Classic,"Status observed on Fasset's public Shariah Reports page. Detailed source fields must be fetched, verified and attributed separately.",Fasset,False,USTC,Shariah Compliant,True,FASSET_SHARIAH_REPORTS,ELIGIBLE_EXTERNAL_REFERENCE,PENDING_ADMIN_REVIEW,2026-07-24,FETCH_AND_VERIFY_FROM_SOURCE_BEFORE_PUBLICATION,"{""platform_purpose"": null, ""token_utility"": null, ""data_structure"": null, ""smart_contract_capability"": null, ""transaction_validation"": null, ""consensus_mechanism"": null, ""governance_model"": null, ""tokenomics"": null, ""verdict_protocol_use"": null, ""verdict_token_use"": null, ""verdict_riba"": null, ""verdict_other_impermissibilities"": null}",FASSET-159-terrausd-classic,https://www.fasset.com/shariah-reports/,"[""USTC""]",USTC
QUEUED,Sats,"Status observed on Fasset's public Shariah Reports page. Detailed source fields must be fetched, verified and attributed separately.",Fasset,False,SATS,Shariah Compliant,True,FASSET_SHARIAH_REPORTS,ELIGIBLE_EXTERNAL_REFERENCE,PENDING_ADMIN_REVIEW,2026-07-24,FETCH_AND_VERIFY_FROM_SOURCE_BEFORE_PUBLICATION,"{""platform_purpose"": null, ""token_utility"": null, ""data_structure"": null, ""smart_contract_capability"": null, ""transaction_validation"": null, ""consensus_mechanism"": null, ""governance_model"": null, ""tokenomics"": null, ""verdict_protocol_use"": null, ""verdict_token_use"": null, ""verdict_riba"": null, ""verdict_other_impermissibilities"": null}",FASSET-160-sats,https://www.fasset.com/shariah-reports/,"[""SATS""]",SATS
QUEUED,ORDI,"Status observed on Fasset's public Shariah Reports page. Detailed source fields must be fetched, verified and attributed separately.",Fasset,False,ORDI,Shariah Compliant,True,FASSET_SHARIAH_REPORTS,ELIGIBLE_EXTERNAL_REFERENCE,PENDING_ADMIN_REVIEW,2026-07-24,FETCH_AND_VERIFY_FROM_SOURCE_BEFORE_PUBLICATION,"{""platform_purpose"": null, ""token_utility"": null, ""data_structure"": null, ""smart_contract_capability"": null, ""transaction_validation"": null, ""consensus_mechanism"": null, ""governance_model"": null, ""tokenomics"": null, ""verdict_protocol_use"": null, ""verdict_token_use"": null, ""verdict_riba"": null, ""verdict_other_impermissibilities"": null}",FASSET-161-ordi,https://www.fasset.com/shariah-reports/,"[""ORDI""]",ORDI
QUEUED,Core,"Status observed on Fasset's public Shariah Reports page. Detailed source fields must be fetched, verified and attributed separately.",Fasset,False,CORE,Shariah Compliant,True,FASSET_SHARIAH_REPORTS,ELIGIBLE_EXTERNAL_REFERENCE,PENDING_ADMIN_REVIEW,2026-07-24,FETCH_AND_VERIFY_FROM_SOURCE_BEFORE_PUBLICATION,"{""platform_purpose"": null, ""token_utility"": null, ""data_structure"": null, ""smart_contract_capability"": null, ""transaction_validation"": null, ""consensus_mechanism"": null, ""governance_model"": null, ""tokenomics"": null, ""verdict_protocol_use"": null, ""verdict_token_use"": null, ""verdict_riba"": null, ""verdict_other_impermissibilities"": null}",FASSET-162-core,https://www.fasset.com/shariah-reports/,"[""CORE""]",CORE
QUEUED,Beam,"Status observed on Fasset's public Shariah Reports page. Detailed source fields must be fetched, verified and attributed separately.",Fasset,False,BEAM,Shariah Compliant,True,FASSET_SHARIAH_REPORTS,ELIGIBLE_EXTERNAL_REFERENCE,PENDING_ADMIN_REVIEW,2026-07-24,FETCH_AND_VERIFY_FROM_SOURCE_BEFORE_PUBLICATION,"{""platform_purpose"": null, ""token_utility"": null, ""data_structure"": null, ""smart_contract_capability"": null, ""transaction_validation"": null, ""consensus_mechanism"": null, ""governance_model"": null, ""tokenomics"": null, ""verdict_protocol_use"": null, ""verdict_token_use"": null, ""verdict_riba"": null, ""verdict_other_impermissibilities"": null}",FASSET-163-beam,https://www.fasset.com/shariah-reports/,"[""BEAM""]",BEAM
QUEUED,ZetaChain,"Status observed on Fasset's public Shariah Reports page. Detailed source fields must be fetched, verified and attributed separately.",Fasset,False,ZETA,Shariah Compliant,True,FASSET_SHARIAH_REPORTS,ELIGIBLE_EXTERNAL_REFERENCE,PENDING_ADMIN_REVIEW,2026-07-24,FETCH_AND_VERIFY_FROM_SOURCE_BEFORE_PUBLICATION,"{""platform_purpose"": null, ""token_utility"": null, ""data_structure"": null, ""smart_contract_capability"": null, ""transaction_validation"": null, ""consensus_mechanism"": null, ""governance_model"": null, ""tokenomics"": null, ""verdict_protocol_use"": null, ""verdict_token_use"": null, ""verdict_riba"": null, ""verdict_other_impermissibilities"": null}",FASSET-164-zetachain,https://www.fasset.com/shariah-reports/,"[""ZETA""]",ZETA
QUEUED,WAX,"Status observed on Fasset's public Shariah Reports page. Detailed source fields must be fetched, verified and attributed separately.",Fasset,False,WAXP,Shariah Compliant,True,FASSET_SHARIAH_REPORTS,ELIGIBLE_EXTERNAL_REFERENCE,PENDING_ADMIN_REVIEW,2026-07-24,FETCH_AND_VERIFY_FROM_SOURCE_BEFORE_PUBLICATION,"{""platform_purpose"": null, ""token_utility"": null, ""data_structure"": null, ""smart_contract_capability"": null, ""transaction_validation"": null, ""consensus_mechanism"": null, ""governance_model"": null, ""tokenomics"": null, ""verdict_protocol_use"": null, ""verdict_token_use"": null, ""verdict_riba"": null, ""verdict_other_impermissibilities"": null}",FASSET-165-wax,https://www.fasset.com/shariah-reports/,"[""WAXP""]",WAXP
QUEUED,eCash,"Status observed on Fasset's public Shariah Reports page. Detailed source fields must be fetched, verified and attributed separately.",Fasset,False,XEC,Shariah Compliant,True,FASSET_SHARIAH_REPORTS,ELIGIBLE_EXTERNAL_REFERENCE,PENDING_ADMIN_REVIEW,2026-07-24,FETCH_AND_VERIFY_FROM_SOURCE_BEFORE_PUBLICATION,"{""platform_purpose"": null, ""token_utility"": null, ""data_structure"": null, ""smart_contract_capability"": null, ""transaction_validation"": null, ""consensus_mechanism"": null, ""governance_model"": null, ""tokenomics"": null, ""verdict_protocol_use"": null, ""verdict_token_use"": null, ""verdict_riba"": null, ""verdict_other_impermissibilities"": null}",FASSET-166-ecash,https://www.fasset.com/shariah-reports/,"[""XEC""]",XEC
QUEUED,Ravencoin,"Status observed on Fasset's public Shariah Reports page. Detailed source fields must be fetched, verified and attributed separately.",Fasset,False,RVN,Shariah Compliant,True,FASSET_SHARIAH_REPORTS,ELIGIBLE_EXTERNAL_REFERENCE,PENDING_ADMIN_REVIEW,2026-07-24,FETCH_AND_VERIFY_FROM_SOURCE_BEFORE_PUBLICATION,"{""platform_purpose"": null, ""token_utility"": null, ""data_structure"": null, ""smart_contract_capability"": null, ""transaction_validation"": null, ""consensus_mechanism"": null, ""governance_model"": null, ""tokenomics"": null, ""verdict_protocol_use"": null, ""verdict_token_use"": null, ""verdict_riba"": null, ""verdict_other_impermissibilities"": null}",FASSET-167-ravencoin,https://www.fasset.com/shariah-reports/,"[""RVN""]",RVN
QUEUED,Bitget Token,"Status observed on Fasset's public Shariah Reports page. Detailed source fields must be fetched, verified and attributed separately.",Fasset,False,BGB,Shariah Compliant,True,FASSET_SHARIAH_REPORTS,ELIGIBLE_EXTERNAL_REFERENCE,PENDING_ADMIN_REVIEW,2026-07-24,FETCH_AND_VERIFY_FROM_SOURCE_BEFORE_PUBLICATION,"{""platform_purpose"": null, ""token_utility"": null, ""data_structure"": null, ""smart_contract_capability"": null, ""transaction_validation"": null, ""consensus_mechanism"": null, ""governance_model"": null, ""tokenomics"": null, ""verdict_protocol_use"": null, ""verdict_token_use"": null, ""verdict_riba"": null, ""verdict_other_impermissibilities"": null}",FASSET-168-bitget-token,https://www.fasset.com/shariah-reports/,"[""BGB""]",BGB
QUEUED,KuCoin Token,"Status observed on Fasset's public Shariah Reports page. Detailed source fields must be fetched, verified and attributed separately.",Fasset,False,KCS,Shariah Compliant,True,FASSET_SHARIAH_REPORTS,ELIGIBLE_EXTERNAL_REFERENCE,PENDING_ADMIN_REVIEW,2026-07-24,FETCH_AND_VERIFY_FROM_SOURCE_BEFORE_PUBLICATION,"{""platform_purpose"": null, ""token_utility"": null, ""data_structure"": null, ""smart_contract_capability"": null, ""transaction_validation"": null, ""consensus_mechanism"": null, ""governance_model"": null, ""tokenomics"": null, ""verdict_protocol_use"": null, ""verdict_token_use"": null, ""verdict_riba"": null, ""verdict_other_impermissibilities"": null}",FASSET-169-kucoin-token,https://www.fasset.com/shariah-reports/,"[""KCS""]",KCS
QUEUED,HTX,"Status observed on Fasset's public Shariah Reports page. Detailed source fields must be fetched, verified and attributed separately.",Fasset,False,HTX,Shariah Compliant,True,FASSET_SHARIAH_REPORTS,ELIGIBLE_EXTERNAL_REFERENCE,PENDING_ADMIN_REVIEW,2026-07-24,FETCH_AND_VERIFY_FROM_SOURCE_BEFORE_PUBLICATION,"{""platform_purpose"": null, ""token_utility"": null, ""data_structure"": null, ""smart_contract_capability"": null, ""transaction_validation"": null, ""consensus_mechanism"": null, ""governance_model"": null, ""tokenomics"": null, ""verdict_protocol_use"": null, ""verdict_token_use"": null, ""verdict_riba"": null, ""verdict_other_impermissibilities"": null}",FASSET-170-htx,https://www.fasset.com/shariah-reports/,"[""HTX""]",HTX
QUEUED,Beldex,"Status observed on Fasset's public Shariah Reports page. Detailed source fields must be fetched, verified and attributed separately.",Fasset,False,BDX,Shariah Compliant,True,FASSET_SHARIAH_REPORTS,ELIGIBLE_EXTERNAL_REFERENCE,PENDING_ADMIN_REVIEW,2026-07-24,FETCH_AND_VERIFY_FROM_SOURCE_BEFORE_PUBLICATION,"{""platform_purpose"": null, ""token_utility"": null, ""data_structure"": null, ""smart_contract_capability"": null, ""transaction_validation"": null, ""consensus_mechanism"": null, ""governance_model"": null, ""tokenomics"": null, ""verdict_protocol_use"": null, ""verdict_token_use"": null, ""verdict_riba"": null, ""verdict_other_impermissibilities"": null}",FASSET-171-beldex,https://www.fasset.com/shariah-reports/,"[""BDX""]",BDX
QUEUED,ADI,"Status observed on Fasset's public Shariah Reports page. Detailed source fields must be fetched, verified and attributed separately.",Fasset,False,ADI,Shariah Compliant,True,FASSET_SHARIAH_REPORTS,ELIGIBLE_EXTERNAL_REFERENCE,PENDING_ADMIN_REVIEW,2026-07-24,FETCH_AND_VERIFY_FROM_SOURCE_BEFORE_PUBLICATION,"{""platform_purpose"": null, ""token_utility"": null, ""data_structure"": null, ""smart_contract_capability"": null, ""transaction_validation"": null, ""consensus_mechanism"": null, ""governance_model"": null, ""tokenomics"": null, ""verdict_protocol_use"": null, ""verdict_token_use"": null, ""verdict_riba"": null, ""verdict_other_impermissibilities"": null}",FASSET-172-adi,https://www.fasset.com/shariah-reports/,"[""ADI""]",ADI
QUEUED,SwissBorg,"Status observed on Fasset's public Shariah Reports page. Detailed source fields must be fetched, verified and attributed separately.",Fasset,False,BORG,Shariah Compliant,True,FASSET_SHARIAH_REPORTS,ELIGIBLE_EXTERNAL_REFERENCE,PENDING_ADMIN_REVIEW,2026-07-24,FETCH_AND_VERIFY_FROM_SOURCE_BEFORE_PUBLICATION,"{""platform_purpose"": null, ""token_utility"": null, ""data_structure"": null, ""smart_contract_capability"": null, ""transaction_validation"": null, ""consensus_mechanism"": null, ""governance_model"": null, ""tokenomics"": null, ""verdict_protocol_use"": null, ""verdict_token_use"": null, ""verdict_riba"": null, ""verdict_other_impermissibilities"": null}",FASSET-173-swissborg,https://www.fasset.com/shariah-reports/,"[""BORG""]",BORG
QUEUED,Undeads Games,"Status observed on Fasset's public Shariah Reports page. Detailed source fields must be fetched, verified and attributed separately.",Fasset,False,UDS,Shariah Compliant,True,FASSET_SHARIAH_REPORTS,ELIGIBLE_EXTERNAL_REFERENCE,PENDING_ADMIN_REVIEW,2026-07-24,FETCH_AND_VERIFY_FROM_SOURCE_BEFORE_PUBLICATION,"{""platform_purpose"": null, ""token_utility"": null, ""data_structure"": null, ""smart_contract_capability"": null, ""transaction_validation"": null, ""consensus_mechanism"": null, ""governance_model"": null, ""tokenomics"": null, ""verdict_protocol_use"": null, ""verdict_token_use"": null, ""verdict_riba"": null, ""verdict_other_impermissibilities"": null}",FASSET-174-undeads-games,https://www.fasset.com/shariah-reports/,"[""UDS""]",UDS
QUEUED,Yooldo,"Status observed on Fasset's public Shariah Reports page. Detailed source fields must be fetched, verified and attributed separately.",Fasset,False,ESPORTS,Shariah Compliant,True,FASSET_SHARIAH_REPORTS,ELIGIBLE_EXTERNAL_REFERENCE,PENDING_ADMIN_REVIEW,2026-07-24,FETCH_AND_VERIFY_FROM_SOURCE_BEFORE_PUBLICATION,"{""platform_purpose"": null, ""token_utility"": null, ""data_structure"": null, ""smart_contract_capability"": null, ""transaction_validation"": null, ""consensus_mechanism"": null, ""governance_model"": null, ""tokenomics"": null, ""verdict_protocol_use"": null, ""verdict_token_use"": null, ""verdict_riba"": null, ""verdict_other_impermissibilities"": null}",FASSET-175-yooldo,https://www.fasset.com/shariah-reports/,"[""ESPORTS""]",ESPORTS
QUEUED,GUSD,"Status observed on Fasset's public Shariah Reports page. Detailed source fields must be fetched, verified and attributed separately.",Fasset,False,GUSD,Shariah Compliant,True,FASSET_SHARIAH_REPORTS,ELIGIBLE_EXTERNAL_REFERENCE,PENDING_ADMIN_REVIEW,2026-07-24,FETCH_AND_VERIFY_FROM_SOURCE_BEFORE_PUBLICATION,"{""platform_purpose"": null, ""token_utility"": null, ""data_structure"": null, ""smart_contract_capability"": null, ""transaction_validation"": null, ""consensus_mechanism"": null, ""governance_model"": null, ""tokenomics"": null, ""verdict_protocol_use"": null, ""verdict_token_use"": null, ""verdict_riba"": null, ""verdict_other_impermissibilities"": null}",FASSET-176-gusd,https://www.fasset.com/shariah-reports/,"[""GUSD""]",GUSD
QUEUED,Zano,"Status observed on Fasset's public Shariah Reports page. Detailed source fields must be fetched, verified and attributed separately.",Fasset,False,ZANO,Shariah Compliant,True,FASSET_SHARIAH_REPORTS,ELIGIBLE_EXTERNAL_REFERENCE,PENDING_ADMIN_REVIEW,2026-07-24,FETCH_AND_VERIFY_FROM_SOURCE_BEFORE_PUBLICATION,"{""platform_purpose"": null, ""token_utility"": null, ""data_structure"": null, ""smart_contract_capability"": null, ""transaction_validation"": null, ""consensus_mechanism"": null, ""governance_model"": null, ""tokenomics"": null, ""verdict_protocol_use"": null, ""verdict_token_use"": null, ""verdict_riba"": null, ""verdict_other_impermissibilities"": null}",FASSET-177-zano,https://www.fasset.com/shariah-reports/,"[""ZANO""]",ZANO
QUEUED,Ultima,"Status observed on Fasset's public Shariah Reports page. Detailed source fields must be fetched, verified and attributed separately.",Fasset,False,ULTIMA,Shariah Compliant,True,FASSET_SHARIAH_REPORTS,ELIGIBLE_EXTERNAL_REFERENCE,PENDING_ADMIN_REVIEW,2026-07-24,FETCH_AND_VERIFY_FROM_SOURCE_BEFORE_PUBLICATION,"{""platform_purpose"": null, ""token_utility"": null, ""data_structure"": null, ""smart_contract_capability"": null, ""transaction_validation"": null, ""consensus_mechanism"": null, ""governance_model"": null, ""tokenomics"": null, ""verdict_protocol_use"": null, ""verdict_token_use"": null, ""verdict_riba"": null, ""verdict_other_impermissibilities"": null}",FASSET-178-ultima,https://www.fasset.com/shariah-reports/,"[""ULTIMA""]",ULTIMA
QUEUED,Qubic,"Status observed on Fasset's public Shariah Reports page. Detailed source fields must be fetched, verified and attributed separately.",Fasset,False,QUBIC,Shariah Compliant,True,FASSET_SHARIAH_REPORTS,ELIGIBLE_EXTERNAL_REFERENCE,PENDING_ADMIN_REVIEW,2026-07-24,FETCH_AND_VERIFY_FROM_SOURCE_BEFORE_PUBLICATION,"{""platform_purpose"": null, ""token_utility"": null, ""data_structure"": null, ""smart_contract_capability"": null, ""transaction_validation"": null, ""consensus_mechanism"": null, ""governance_model"": null, ""tokenomics"": null, ""verdict_protocol_use"": null, ""verdict_token_use"": null, ""verdict_riba"": null, ""verdict_other_impermissibilities"": null}",FASSET-179-qubic,https://www.fasset.com/shariah-reports/,"[""QUBIC""]",QUBIC
QUEUED,SoSoValue,"Status observed on Fasset's public Shariah Reports page. Detailed source fields must be fetched, verified and attributed separately.",Fasset,False,SOSO,Shariah Compliant,True,FASSET_SHARIAH_REPORTS,ELIGIBLE_EXTERNAL_REFERENCE,PENDING_ADMIN_REVIEW,2026-07-24,FETCH_AND_VERIFY_FROM_SOURCE_BEFORE_PUBLICATION,"{""platform_purpose"": null, ""token_utility"": null, ""data_structure"": null, ""smart_contract_capability"": null, ""transaction_validation"": null, ""consensus_mechanism"": null, ""governance_model"": null, ""tokenomics"": null, ""verdict_protocol_use"": null, ""verdict_token_use"": null, ""verdict_riba"": null, ""verdict_other_impermissibilities"": null}",FASSET-180-sosovalue,https://www.fasset.com/shariah-reports/,"[""SOSO""]",SOSO
QUEUED,GoMining,"Status observed on Fasset's public Shariah Reports page. Detailed source fields must be fetched, verified and attributed separately.",Fasset,False,GOMINING,Shariah Compliant,True,FASSET_SHARIAH_REPORTS,ELIGIBLE_EXTERNAL_REFERENCE,PENDING_ADMIN_REVIEW,2026-07-24,FETCH_AND_VERIFY_FROM_SOURCE_BEFORE_PUBLICATION,"{""platform_purpose"": null, ""token_utility"": null, ""data_structure"": null, ""smart_contract_capability"": null, ""transaction_validation"": null, ""consensus_mechanism"": null, ""governance_model"": null, ""tokenomics"": null, ""verdict_protocol_use"": null, ""verdict_token_use"": null, ""verdict_riba"": null, ""verdict_other_impermissibilities"": null}",FASSET-181-gomining,https://www.fasset.com/shariah-reports/,"[""GOMINING""]",GOMINING
QUEUED,Ailey,"Status observed on Fasset's public Shariah Reports page. Detailed source fields must be fetched, verified and attributed separately.",Fasset,False,ALE,Shariah Compliant,True,FASSET_SHARIAH_REPORTS,ELIGIBLE_EXTERNAL_REFERENCE,PENDING_ADMIN_REVIEW,2026-07-24,FETCH_AND_VERIFY_FROM_SOURCE_BEFORE_PUBLICATION,"{""platform_purpose"": null, ""token_utility"": null, ""data_structure"": null, ""smart_contract_capability"": null, ""transaction_validation"": null, ""consensus_mechanism"": null, ""governance_model"": null, ""tokenomics"": null, ""verdict_protocol_use"": null, ""verdict_token_use"": null, ""verdict_riba"": null, ""verdict_other_impermissibilities"": null}",FASSET-182-ailey,https://www.fasset.com/shariah-reports/,"[""ALE""]",ALE
QUEUED,SuperTrust,"Status observed on Fasset's public Shariah Reports page. Detailed source fields must be fetched, verified and attributed separately.",Fasset,False,SUT,Shariah Compliant,True,FASSET_SHARIAH_REPORTS,ELIGIBLE_EXTERNAL_REFERENCE,PENDING_ADMIN_REVIEW,2026-07-24,FETCH_AND_VERIFY_FROM_SOURCE_BEFORE_PUBLICATION,"{""platform_purpose"": null, ""token_utility"": null, ""data_structure"": null, ""smart_contract_capability"": null, ""transaction_validation"": null, ""consensus_mechanism"": null, ""governance_model"": null, ""tokenomics"": null, ""verdict_protocol_use"": null, ""verdict_token_use"": null, ""verdict_riba"": null, ""verdict_other_impermissibilities"": null}",FASSET-183-supertrust,https://www.fasset.com/shariah-reports/,"[""SUT""]",SUT
QUEUED,ViciCoin,"Status observed on Fasset's public Shariah Reports page. Detailed source fields must be fetched, verified and attributed separately.",Fasset,False,VCNT,Shariah Compliant,True,FASSET_SHARIAH_REPORTS,ELIGIBLE_EXTERNAL_REFERENCE,PENDING_ADMIN_REVIEW,2026-07-24,FETCH_AND_VERIFY_FROM_SOURCE_BEFORE_PUBLICATION,"{""platform_purpose"": null, ""token_utility"": null, ""data_structure"": null, ""smart_contract_capability"": null, ""transaction_validation"": null, ""consensus_mechanism"": null, ""governance_model"": null, ""tokenomics"": null, ""verdict_protocol_use"": null, ""verdict_token_use"": null, ""verdict_riba"": null, ""verdict_other_impermissibilities"": null}",FASSET-184-vicicoin,https://www.fasset.com/shariah-reports/,"[""VCNT""]",VCNT
QUEUED,AriaAI,"Status observed on Fasset's public Shariah Reports page. Detailed source fields must be fetched, verified and attributed separately.",Fasset,False,ARIA,Shariah Compliant,True,FASSET_SHARIAH_REPORTS,ELIGIBLE_EXTERNAL_REFERENCE,PENDING_ADMIN_REVIEW,2026-07-24,FETCH_AND_VERIFY_FROM_SOURCE_BEFORE_PUBLICATION,"{""platform_purpose"": null, ""token_utility"": null, ""data_structure"": null, ""smart_contract_capability"": null, ""transaction_validation"": null, ""consensus_mechanism"": null, ""governance_model"": null, ""tokenomics"": null, ""verdict_protocol_use"": null, ""verdict_token_use"": null, ""verdict_riba"": null, ""verdict_other_impermissibilities"": null}",FASSET-185-ariaai,https://www.fasset.com/shariah-reports/,"[""ARIA""]",ARIA
QUEUED,Impossible Cloud Network,"Status observed on Fasset's public Shariah Reports page. Detailed source fields must be fetched, verified and attributed separately.",Fasset,False,ICNT,Shariah Compliant,True,FASSET_SHARIAH_REPORTS,ELIGIBLE_EXTERNAL_REFERENCE,PENDING_ADMIN_REVIEW,2026-07-24,FETCH_AND_VERIFY_FROM_SOURCE_BEFORE_PUBLICATION,"{""platform_purpose"": null, ""token_utility"": null, ""data_structure"": null, ""smart_contract_capability"": null, ""transaction_validation"": null, ""consensus_mechanism"": null, ""governance_model"": null, ""tokenomics"": null, ""verdict_protocol_use"": null, ""verdict_token_use"": null, ""verdict_riba"": null, ""verdict_other_impermissibilities"": null}",FASSET-186-impossible-cloud-network,https://www.fasset.com/shariah-reports/,"[""ICNT""]",ICNT
QUEUED,τemplar,"Status observed on Fasset's public Shariah Reports page. Detailed source fields must be fetched, verified and attributed separately.",Fasset,False,SN3,Shariah Compliant,True,FASSET_SHARIAH_REPORTS,ELIGIBLE_EXTERNAL_REFERENCE,PENDING_ADMIN_REVIEW,2026-07-24,FETCH_AND_VERIFY_FROM_SOURCE_BEFORE_PUBLICATION,"{""platform_purpose"": null, ""token_utility"": null, ""data_structure"": null, ""smart_contract_capability"": null, ""transaction_validation"": null, ""consensus_mechanism"": null, ""governance_model"": null, ""tokenomics"": null, ""verdict_protocol_use"": null, ""verdict_token_use"": null, ""verdict_riba"": null, ""verdict_other_impermissibilities"": null}",FASSET-187-emplar,https://www.fasset.com/shariah-reports/,"[""SN3""]",SN3
QUEUED,EUR CoinVertible,"Status observed on Fasset's public Shariah Reports page. Detailed source fields must be fetched, verified and attributed separately.",Fasset,False,EURCV,Shariah Compliant,True,FASSET_SHARIAH_REPORTS,ELIGIBLE_EXTERNAL_REFERENCE,PENDING_ADMIN_REVIEW,2026-07-24,FETCH_AND_VERIFY_FROM_SOURCE_BEFORE_PUBLICATION,"{""platform_purpose"": null, ""token_utility"": null, ""data_structure"": null, ""smart_contract_capability"": null, ""transaction_validation"": null, ""consensus_mechanism"": null, ""governance_model"": null, ""tokenomics"": null, ""verdict_protocol_use"": null, ""verdict_token_use"": null, ""verdict_riba"": null, ""verdict_other_impermissibilities"": null}",FASSET-188-eur-coinvertible,https://www.fasset.com/shariah-reports/,"[""EURCV""]",EURCV
